{"materials":[{"id":430,"path":"Resources/unity_builtin_extra\\Sprites-Default","assetBundleId":-2,"data":["Sprites-Default",0,28,3000,0,[["PixelSnap",0],["_EnableExternalAlpha",0]],[["_Color",1,1,1,1],["_RendererColor",1,1,1,1]],[["_MainTex_ST",1,1,0,0],["_Flip",1,1,1,1],["_AlphaTex_ST",1,1,0,0]],[["_MainTex",null,null],["_AlphaTex",null,null]],[]]},{"id":676,"path":"Resources/unity_builtin_extra\\Default-Material","assetBundleId":-2,"data":["Default-Material",0,64,2000,0,[["_Cutoff",0.5],["_Glossiness",0.5],["_GlossMapScale",1],["_SmoothnessTextureChannel",0],["_Metallic",0],["_SpecularHighlights",1],["_GlossyReflections",1],["_BumpScale",1],["_Parallax",0.0199999995529652],["_OcclusionStrength",1],["_DetailNormalMapScale",1],["_UVSec",0],["_Mode",0],["_SrcBlend",1],["_DstBlend",0],["_ZWrite",1]],[["_Color",1,1,1,1],["_EmissionColor",0,0,0,0.999999940395355]],[["_MainTex_ST",1,1,0,0],["_MetallicGlossMap_ST",1,1,0,0],["_BumpMap_ST",1,1,0,0],["_ParallaxMap_ST",1,1,0,0],["_OcclusionMap_ST",1,1,0,0],["_EmissionMap_ST",1,1,0,0],["_DetailMask_ST",1,1,0,0],["_DetailAlbedoMap_ST",1,1,0,0],["_DetailNormalMap_ST",1,1,0,0]],[["_MainTex",null,null],["_MetallicGlossMap",null,null],["_BumpMap",null,null],["_ParallaxMap",null,null],["_OcclusionMap",null,null],["_EmissionMap",null,null],["_DetailMask",null,null],["_DetailAlbedoMap",null,null],["_DetailNormalMap",null,null]],[["_EMISSION",1]]]},{"id":678,"path":"Resources/unity_builtin_extra\\Default-Skybox","assetBundleId":-2,"data":["Default-Skybox",0,150,1000,0,[["_SunDisk",1],["_SunSize",0.0399999991059303],["_SunSizeConvergence",5],["_AtmosphereThickness",1],["_Exposure",1.29999995231628]],[["_SkyTint",0.5,0.5,0.5,1],["_GroundColor",0.368999987840652,0.349000006914139,0.340999990701675,1]],[],[],[["_SUNDISK_SIMPLE",1]]]}],"shaders":[{"id":150,"assetBundleId":-2,"data":[[],"Skybox/Procedural","0000000000000000f000000000000000",["_SUNDISK_HIGH_QUALITY","_SUNDISK_NONE","_SUNDISK_SIMPLE"],[[0,0,"",0,0,[4,null],[0,null],[0,null],[[1,null],[0,null],[0,null]],[[1,null],[0,null],[0,null]],[15,null],[0,null],[0,null],[0,null],[255,null],[255,null],[[0,null],[0,null],[0,null],[8,null]],[[0,null],[0,null],[0,null],[8,null]],[[0,null],[0,null],[0,null],[8,null]],[["PreviewType","Skybox"],["QUEUE","Background"],["RenderType","Background"],["LIGHTMODE","ALWAYS"]],["_SUNDISK_NONE","_SUNDISK_SIMPLE","_SUNDISK_HIGH_QUALITY","STEREO_CUBEMAP_RENDER_ON","STEREO_INSTANCING_ON","STEREO_MULTIVIEW_ON","UNITY_SINGLE_PASS_STEREO"],[[["_SUNDISK_NONE","_SUNDISK_SIMPLE","_SUNDISK_HIGH_QUALITY"],0]],[[0,0,["_SUNDISK_NONE"],0,1,0],[0,0,["_SUNDISK_SIMPLE"],2,3,0],[0,0,["_SUNDISK_HIGH_QUALITY"],4,5,0]],[],0]],[],[["_SunDisk",2,2,0,0,0,""],["_SunSize",3,0.0399999991059303,0,1,0,""],["_SunSizeConvergence",3,5,1,10,0,""],["_AtmosphereThickness",3,1,0,5,0,""],["_SkyTint",0,0.5,0.5,0.5,1,""],["_GroundColor",0,0.368999987840652,0.349000006914139,0.340999990701675,1,""],["_Exposure",3,1.29999995231628,0,8,0,""]],null,null,0,0,0]},{"id":292,"assetBundleId":-2,"data":[[],"Mobile/Particles/Alpha Blended","0000000000000000f000000000000000",["FOG_EXP","FOG_EXP2","FOG_LINEAR","_"],[[0,0,"",0,0,[4,null],[0,null],[0,null],[[5,null],[10,null],[0,null]],[[5,null],[10,null],[0,null]],[15,null],[0,null],[0,null],[0,null],[255,null],[255,null],[[0,null],[0,null],[0,null],[8,null]],[[0,null],[0,null],[0,null],[8,null]],[[0,null],[0,null],[0,null],[8,null]],[["IGNOREPROJECTOR","true"],["PreviewType","Plane"],["QUEUE","Transparent"],["RenderType","Transparent"],["LIGHTMODE","ALWAYS"]],["_","FOG_LINEAR","FOG_EXP","FOG_EXP2","STEREO_CUBEMAP_RENDER_ON","STEREO_INSTANCING_ON","STEREO_MULTIVIEW_ON","UNITY_SINGLE_PASS_STEREO"],[[["_","FOG_LINEAR","FOG_EXP","FOG_EXP2"],0]],[[0,0,[],6,7,0]],[],0]],[],[["_MainTex",4,0,0,0,0,"white"]],null,null,0,0,0]},{"id":28,"assetBundleId":-2,"data":[[],"Sprites/Default","0000000000000000f000000000000000",["PIXELSNAP_ON","_","ETC1_EXTERNAL_ALPHA","__","INSTANCING_ON"],[[0,0,"",0,0,[4,null],[0,null],[0,null],[[1,null],[10,null],[0,null]],[[1,null],[10,null],[0,null]],[15,null],[0,null],[0,null],[0,null],[255,null],[255,null],[[0,null],[0,null],[0,null],[8,null]],[[0,null],[0,null],[0,null],[8,null]],[[0,null],[0,null],[0,null],[8,null]],[["CanUseSpriteAtlas","true"],["IGNOREPROJECTOR","true"],["PreviewType","Plane"],["QUEUE","Transparent"],["RenderType","Transparent"],["LIGHTMODE","ALWAYS"]],["_","ETC1_EXTERNAL_ALPHA","__","INSTANCING_ON","PIXELSNAP_ON","STEREO_CUBEMAP_RENDER_ON","STEREO_INSTANCING_ON","STEREO_MULTIVIEW_ON","UNITY_SINGLE_PASS_STEREO"],[[["_","ETC1_EXTERNAL_ALPHA"],0],[["__","INSTANCING_ON"],0],[["_","PIXELSNAP_ON"],0]],[[0,0,[],8,9,0],[0,0,["PIXELSNAP_ON"],10,9,0]],[],0]],[],[["_MainTex",4,0,0,0,0,"white"],["_Color",0,1,1,1,1,""],["PixelSnap",2,0,0,0,0,""],["_RendererColor",0,1,1,1,1,""],["_Flip",1,1,1,1,1,""],["_AlphaTex",4,0,0,0,0,"white"],["_EnableExternalAlpha",2,0,0,0,0,""]],null,null,0,0,0]},{"id":30,"assetBundleId":-2,"data":[[],"UI/Default","0000000000000000f000000000000000",["UNITY_UI_ALPHACLIP","UNITY_UI_CLIP_RECT","_"],[[0,0,"Default",0,0,[0,"unity_GUIZTestMode"],[0,null],[0,null],[[1,null],[10,null],[0,null]],[[1,null],[10,null],[0,null]],[0,"_ColorMask"],[0,null],[0,null],[0,"_Stencil"],[0,"_StencilReadMask"],[0,"_StencilWriteMask"],[[0,"_StencilOp"],[0,null],[0,null],[0,"_StencilComp"]],[[0,null],[0,null],[0,null],[8,null]],[[0,null],[0,null],[0,null],[8,null]],[["CanUseSpriteAtlas","true"],["IGNOREPROJECTOR","true"],["PreviewType","Plane"],["QUEUE","Transparent"],["RenderType","Transparent"],["LIGHTMODE","ALWAYS"]],["_","UNITY_UI_CLIP_RECT","UNITY_UI_ALPHACLIP","STEREO_CUBEMAP_RENDER_ON","STEREO_INSTANCING_ON","STEREO_MULTIVIEW_ON","UNITY_SINGLE_PASS_STEREO"],[[["_","UNITY_UI_CLIP_RECT"],0],[["_","UNITY_UI_ALPHACLIP"],0]],[[0,0,[],11,12,0],[0,0,["UNITY_UI_ALPHACLIP"],11,13,0],[0,0,["UNITY_UI_CLIP_RECT"],11,14,0],[0,0,["UNITY_UI_ALPHACLIP","UNITY_UI_CLIP_RECT"],11,15,0]],[],0]],[],[["_MainTex",4,0,0,0,0,"white"],["_Color",0,1,1,1,1,""],["_StencilComp",2,8,0,0,0,""],["_Stencil",2,0,0,0,0,""],["_StencilOp",2,0,0,0,0,""],["_StencilWriteMask",2,255,0,0,0,""],["_StencilReadMask",2,255,0,0,0,""],["_ColorMask",2,15,0,0,0,""],["_UseUIAlphaClip",2,0,0,0,0,""]],null,null,0,0,0]},{"id":64,"assetBundleId":-2,"data":[[],"Standard","0000000000000000f000000000000000",["DIRECTIONAL","DIRLIGHTMAP_COMBINED","FOG_EXP","FOG_EXP2","FOG_LINEAR","LIGHTMAP_ON","LIGHTPROBE_SH","SHADOWS_SCREEN","VERTEXLIGHT_ON","_ALPHABLEND_ON","_ALPHAPREMULTIPLY_ON","_ALPHATEST_ON","_DETAIL_MULX2","_EMISSION","_GLOSSYREFLECTIONS_OFF","_METALLICGLOSSMAP","_NORMALMAP","_PARALLAXMAP","_SMOOTHNESS_TEXTURE_ALBEDO_CHANNEL_A","_SPECULARHIGHLIGHTS_OFF","DIRECTIONAL_COOKIE","POINT","POINT_COOKIE","SHADOWS_DEPTH","SPOT","__","INSTANCING_ON","_","SHADOWS_SHADOWMASK","DYNAMICLIGHTMAP_ON","LIGHTMAP_SHADOW_MIXING","SHADOWS_SOFT","SHADOWS_CUBE","UNITY_HDR_ON"],[[0,0,"FORWARD",4,0,[4,null],[0,"_ZWrite"],[2,null],[[0,"_SrcBlend"],[0,"_DstBlend"],[0,null]],[[0,"_SrcBlend"],[0,"_DstBlend"],[0,null]],[15,null],[0,null],[0,null],[0,null],[255,null],[255,null],[[0,null],[0,null],[0,null],[8,null]],[[0,null],[0,null],[0,null],[8,null]],[[0,null],[0,null],[0,null],[8,null]],[["LIGHTMODE","FORWARDBASE"],["PerformanceChecks","False"],["RenderType","Opaque"],["SHADOWSUPPORT","true"]],["__","FOG_LINEAR","FOG_EXP","FOG_EXP2","INSTANCING_ON","_","_NORMALMAP","_ALPHATEST_ON","_ALPHABLEND_ON","_ALPHAPREMULTIPLY_ON","_METALLICGLOSSMAP","_PARALLAXMAP","DIRECTIONAL","LIGHTPROBE_SH","SHADOWS_SHADOWMASK","DYNAMICLIGHTMAP_ON","LIGHTMAP_ON","LIGHTMAP_SHADOW_MIXING","DIRLIGHTMAP_COMBINED","SHADOWS_SCREEN","VERTEXLIGHT_ON","STEREO_CUBEMAP_RENDER_ON","STEREO_INSTANCING_ON","STEREO_MULTIVIEW_ON","UNITY_SINGLE_PASS_STEREO","_DETAIL_MULX2","_EMISSION","_GLOSSYREFLECTIONS_OFF","_SMOOTHNESS_TEXTURE_ALBEDO_CHANNEL_A","_SPECULARHIGHLIGHTS_OFF"],[[["__","FOG_LINEAR","FOG_EXP","FOG_EXP2"],0],[["__","INSTANCING_ON"],0],[["_","_NORMALMAP"],0],[["_","_ALPHATEST_ON","_ALPHABLEND_ON","_ALPHAPREMULTIPLY_ON"],0],[["_","_METALLICGLOSSMAP"],0],[["_","_PARALLAXMAP"],0],[["DIRECTIONAL"],0],[["DIRECTIONAL","LIGHTPROBE_SH"],0],[["DIRECTIONAL","SHADOWS_SHADOWMASK","LIGHTPROBE_SH"],0],[["DIRECTIONAL","DYNAMICLIGHTMAP_ON"],0],[["DIRECTIONAL","LIGHTMAP_ON"],0],[["DIRECTIONAL","LIGHTMAP_ON","DYNAMICLIGHTMAP_ON"],0],[["DIRECTIONAL","LIGHTMAP_ON","LIGHTPROBE_SH"],0],[["DIRECTIONAL","LIGHTMAP_ON","LIGHTMAP_SHADOW_MIXING"],0],[["DIRECTIONAL","LIGHTMAP_ON","DYNAMICLIGHTMAP_ON","LIGHTMAP_SHADOW_MIXING"],0],[["DIRECTIONAL","LIGHTMAP_ON","LIGHTMAP_SHADOW_MIXING","LIGHTPROBE_SH"],0],[["DIRECTIONAL","DIRLIGHTMAP_COMBINED","DYNAMICLIGHTMAP_ON"],0],[["DIRECTIONAL","LIGHTMAP_ON","DIRLIGHTMAP_COMBINED"],0],[["DIRECTIONAL","LIGHTMAP_ON","DIRLIGHTMAP_COMBINED","LIGHTPROBE_SH"],0],[["DIRECTIONAL","LIGHTMAP_ON","DIRLIGHTMAP_COMBINED","DYNAMICLIGHTMAP_ON"],0],[["DIRECTIONAL","LIGHTMAP_ON","DIRLIGHTMAP_COMBINED","LIGHTMAP_SHADOW_MIXING"],0],[["DIRECTIONAL","LIGHTMAP_ON","DIRLIGHTMAP_COMBINED","LIGHTMAP_SHADOW_MIXING","LIGHTPROBE_SH"],0],[["DIRECTIONAL","LIGHTMAP_ON","DIRLIGHTMAP_COMBINED","DYNAMICLIGHTMAP_ON","LIGHTMAP_SHADOW_MIXING"],0],[["DIRECTIONAL","LIGHTMAP_ON","SHADOWS_SHADOWMASK"],0],[["DIRECTIONAL","LIGHTMAP_ON","DYNAMICLIGHTMAP_ON","SHADOWS_SHADOWMASK"],0],[["DIRECTIONAL","LIGHTMAP_ON","SHADOWS_SHADOWMASK","LIGHTPROBE_SH"],0],[["DIRECTIONAL","LIGHTMAP_ON","DIRLIGHTMAP_COMBINED","SHADOWS_SHADOWMASK"],0],[["DIRECTIONAL","LIGHTMAP_ON","DIRLIGHTMAP_COMBINED","DYNAMICLIGHTMAP_ON","SHADOWS_SHADOWMASK"],0],[["DIRECTIONAL","LIGHTMAP_ON","DIRLIGHTMAP_COMBINED","SHADOWS_SHADOWMASK","LIGHTPROBE_SH"],0],[["DIRECTIONAL","LIGHTMAP_ON","SHADOWS_SHADOWMASK","LIGHTMAP_SHADOW_MIXING"],0],[["DIRECTIONAL","LIGHTMAP_ON","DYNAMICLIGHTMAP_ON","SHADOWS_SHADOWMASK","LIGHTMAP_SHADOW_MIXING"],0],[["DIRECTIONAL","LIGHTMAP_ON","SHADOWS_SHADOWMASK","LIGHTMAP_SHADOW_MIXING","LIGHTPROBE_SH"],0],[["DIRECTIONAL","LIGHTMAP_ON","DIRLIGHTMAP_COMBINED","SHADOWS_SHADOWMASK","LIGHTMAP_SHADOW_MIXING"],0],[["DIRECTIONAL","LIGHTMAP_ON","DIRLIGHTMAP_COMBINED","DYNAMICLIGHTMAP_ON","SHADOWS_SHADOWMASK","LIGHTMAP_SHADOW_MIXING"],0],[["DIRECTIONAL","LIGHTMAP_ON","DIRLIGHTMAP_COMBINED","SHADOWS_SHADOWMASK","LIGHTMAP_SHADOW_MIXING","LIGHTPROBE_SH"],0],[["DIRECTIONAL","SHADOWS_SCREEN"],0],[["DIRECTIONAL","SHADOWS_SCREEN","LIGHTPROBE_SH"],0],[["DIRECTIONAL","DYNAMICLIGHTMAP_ON","SHADOWS_SCREEN"],0],[["DIRECTIONAL","SHADOWS_SCREEN","LIGHTMAP_SHADOW_MIXING","LIGHTPROBE_SH"],0],[["DIRECTIONAL","DYNAMICLIGHTMAP_ON","SHADOWS_SCREEN","LIGHTMAP_SHADOW_MIXING"],0],[["DIRECTIONAL","SHADOWS_SCREEN","SHADOWS_SHADOWMASK","LIGHTPROBE_SH"],0],[["DIRECTIONAL","DYNAMICLIGHTMAP_ON","SHADOWS_SCREEN","SHADOWS_SHADOWMASK"],0],[["DIRECTIONAL","SHADOWS_SCREEN","SHADOWS_SHADOWMASK","LIGHTMAP_SHADOW_MIXING","LIGHTPROBE_SH"],0],[["DIRECTIONAL","DYNAMICLIGHTMAP_ON","SHADOWS_SCREEN","SHADOWS_SHADOWMASK","LIGHTMAP_SHADOW_MIXING"],0],[["DIRECTIONAL","LIGHTMAP_ON","SHADOWS_SCREEN"],0],[["DIRECTIONAL","LIGHTMAP_ON","DYNAMICLIGHTMAP_ON","SHADOWS_SCREEN"],0],[["DIRECTIONAL","LIGHTMAP_ON","SHADOWS_SCREEN","LIGHTPROBE_SH"],0],[["DIRECTIONAL","LIGHTMAP_ON","SHADOWS_SCREEN","LIGHTMAP_SHADOW_MIXING"],0],[["DIRECTIONAL","LIGHTMAP_ON","DYNAMICLIGHTMAP_ON","SHADOWS_SCREEN","LIGHTMAP_SHADOW_MIXING"],0],[["DIRECTIONAL","LIGHTMAP_ON","SHADOWS_SCREEN","LIGHTMAP_SHADOW_MIXING","LIGHTPROBE_SH"],0],[["DIRECTIONAL","LIGHTMAP_ON","SHADOWS_SCREEN","SHADOWS_SHADOWMASK"],0],[["DIRECTIONAL","LIGHTMAP_ON","DYNAMICLIGHTMAP_ON","SHADOWS_SCREEN","SHADOWS_SHADOWMASK"],0],[["DIRECTIONAL","LIGHTMAP_ON","SHADOWS_SCREEN","SHADOWS_SHADOWMASK","LIGHTPROBE_SH"],0],[["DIRECTIONAL","LIGHTMAP_ON","SHADOWS_SCREEN","SHADOWS_SHADOWMASK","LIGHTMAP_SHADOW_MIXING"],0],[["DIRECTIONAL","LIGHTMAP_ON","DYNAMICLIGHTMAP_ON","SHADOWS_SCREEN","SHADOWS_SHADOWMASK","LIGHTMAP_SHADOW_MIXING"],0],[["DIRECTIONAL","LIGHTMAP_ON","SHADOWS_SCREEN","SHADOWS_SHADOWMASK","LIGHTMAP_SHADOW_MIXING","LIGHTPROBE_SH"],0],[["DIRECTIONAL","DIRLIGHTMAP_COMBINED","DYNAMICLIGHTMAP_ON","SHADOWS_SCREEN"],0],[["DIRECTIONAL","LIGHTMAP_ON","DIRLIGHTMAP_COMBINED","SHADOWS_SCREEN"],0],[["DIRECTIONAL","LIGHTMAP_ON","DIRLIGHTMAP_COMBINED","SHADOWS_SCREEN","LIGHTPROBE_SH"],0],[["DIRECTIONAL","LIGHTMAP_ON","DIRLIGHTMAP_COMBINED","DYNAMICLIGHTMAP_ON","SHADOWS_SCREEN"],0],[["DIRECTIONAL","LIGHTMAP_ON","DIRLIGHTMAP_COMBINED","SHADOWS_SCREEN","LIGHTMAP_SHADOW_MIXING"],0],[["DIRECTIONAL","LIGHTMAP_ON","DIRLIGHTMAP_COMBINED","SHADOWS_SCREEN","LIGHTMAP_SHADOW_MIXING","LIGHTPROBE_SH"],0],[["DIRECTIONAL","LIGHTMAP_ON","DIRLIGHTMAP_COMBINED","DYNAMICLIGHTMAP_ON","SHADOWS_SCREEN","LIGHTMAP_SHADOW_MIXING"],0],[["DIRECTIONAL","LIGHTMAP_ON","DIRLIGHTMAP_COMBINED","SHADOWS_SCREEN","SHADOWS_SHADOWMASK"],0],[["DIRECTIONAL","LIGHTMAP_ON","DIRLIGHTMAP_COMBINED","SHADOWS_SCREEN","SHADOWS_SHADOWMASK","LIGHTPROBE_SH"],0],[["DIRECTIONAL","LIGHTMAP_ON","DIRLIGHTMAP_COMBINED","DYNAMICLIGHTMAP_ON","SHADOWS_SCREEN","SHADOWS_SHADOWMASK"],0],[["DIRECTIONAL","LIGHTMAP_ON","DIRLIGHTMAP_COMBINED","SHADOWS_SCREEN","SHADOWS_SHADOWMASK","LIGHTMAP_SHADOW_MIXING"],0],[["DIRECTIONAL","LIGHTMAP_ON","DIRLIGHTMAP_COMBINED","SHADOWS_SCREEN","SHADOWS_SHADOWMASK","LIGHTMAP_SHADOW_MIXING","LIGHTPROBE_SH"],0],[["DIRECTIONAL","LIGHTMAP_ON","DIRLIGHTMAP_COMBINED","DYNAMICLIGHTMAP_ON","SHADOWS_SCREEN","SHADOWS_SHADOWMASK","LIGHTMAP_SHADOW_MIXING"],0],[["DIRECTIONAL","VERTEXLIGHT_ON"],0],[["DIRECTIONAL","VERTEXLIGHT_ON","LIGHTPROBE_SH"],0],[["DIRECTIONAL","VERTEXLIGHT_ON","DYNAMICLIGHTMAP_ON"],0],[["DIRECTIONAL","VERTEXLIGHT_ON","DIRLIGHTMAP_COMBINED","DYNAMICLIGHTMAP_ON"],0],[["DIRECTIONAL","VERTEXLIGHT_ON","SHADOWS_SCREEN"],0],[["DIRECTIONAL","VERTEXLIGHT_ON","SHADOWS_SCREEN","LIGHTPROBE_SH"],0],[["DIRECTIONAL","VERTEXLIGHT_ON","DYNAMICLIGHTMAP_ON","SHADOWS_SCREEN"],0],[["DIRECTIONAL","VERTEXLIGHT_ON","DIRLIGHTMAP_COMBINED","DYNAMICLIGHTMAP_ON","SHADOWS_SCREEN"],0],[["DIRECTIONAL","VERTEXLIGHT_ON","SHADOWS_SCREEN","LIGHTMAP_SHADOW_MIXING"],0],[["DIRECTIONAL","VERTEXLIGHT_ON","SHADOWS_SCREEN","LIGHTMAP_SHADOW_MIXING","LIGHTPROBE_SH"],0],[["DIRECTIONAL","VERTEXLIGHT_ON","DYNAMICLIGHTMAP_ON","SHADOWS_SCREEN","LIGHTMAP_SHADOW_MIXING"],0],[["DIRECTIONAL","VERTEXLIGHT_ON","DIRLIGHTMAP_COMBINED","DYNAMICLIGHTMAP_ON","SHADOWS_SCREEN","LIGHTMAP_SHADOW_MIXING"],0],[["DIRECTIONAL","VERTEXLIGHT_ON","SHADOWS_SCREEN","SHADOWS_SHADOWMASK"],0],[["DIRECTIONAL","VERTEXLIGHT_ON","SHADOWS_SCREEN","SHADOWS_SHADOWMASK","LIGHTPROBE_SH"],0],[["DIRECTIONAL","VERTEXLIGHT_ON","DYNAMICLIGHTMAP_ON","SHADOWS_SCREEN","SHADOWS_SHADOWMASK"],0],[["DIRECTIONAL","VERTEXLIGHT_ON","DIRLIGHTMAP_COMBINED","DYNAMICLIGHTMAP_ON","SHADOWS_SCREEN","SHADOWS_SHADOWMASK"],0],[["DIRECTIONAL","VERTEXLIGHT_ON","SHADOWS_SCREEN","SHADOWS_SHADOWMASK","LIGHTMAP_SHADOW_MIXING"],0],[["DIRECTIONAL","VERTEXLIGHT_ON","SHADOWS_SCREEN","SHADOWS_SHADOWMASK","LIGHTMAP_SHADOW_MIXING","LIGHTPROBE_SH"],0],[["DIRECTIONAL","VERTEXLIGHT_ON","DYNAMICLIGHTMAP_ON","SHADOWS_SCREEN","SHADOWS_SHADOWMASK","LIGHTMAP_SHADOW_MIXING"],0],[["DIRECTIONAL","VERTEXLIGHT_ON","DIRLIGHTMAP_COMBINED","DYNAMICLIGHTMAP_ON","SHADOWS_SCREEN","SHADOWS_SHADOWMASK","LIGHTMAP_SHADOW_MIXING"],0]],[[0,0,["DIRECTIONAL"],42,43,0],[0,0,["DIRECTIONAL","LIGHTPROBE_SH"],44,45,0],[0,0,["DIRECTIONAL","SHADOWS_SCREEN"],46,47,0],[0,0,["DIRECTIONAL","VERTEXLIGHT_ON"],42,43,0],[0,0,["DIRECTIONAL","_EMISSION"],42,48,0],[0,0,["DIRECTIONAL","LIGHTPROBE_SH","SHADOWS_SCREEN"],49,50,0],[0,0,["DIRECTIONAL","LIGHTPROBE_SH","VERTEXLIGHT_ON"],51,45,0],[0,0,["DIRECTIONAL","SHADOWS_SCREEN","VERTEXLIGHT_ON"],46,47,0],[0,0,["DIRECTIONAL","LIGHTPROBE_SH","_EMISSION"],44,52,0],[0,0,["DIRECTIONAL","SHADOWS_SCREEN","_EMISSION"],46,53,0],[0,0,["DIRECTIONAL","VERTEXLIGHT_ON","_EMISSION"],42,48,0],[0,0,["DIRECTIONAL","_GLOSSYREFLECTIONS_OFF","_SPECULARHIGHLIGHTS_OFF"],42,54,0],[0,0,["DIRECTIONAL","LIGHTPROBE_SH","SHADOWS_SCREEN","VERTEXLIGHT_ON"],55,50,0],[0,0,["DIRECTIONAL","LIGHTPROBE_SH","_GLOSSYREFLECTIONS_OFF","_SPECULARHIGHLIGHTS_OFF"],44,56,0],[0,0,["DIRECTIONAL","SHADOWS_SCREEN","_GLOSSYREFLECTIONS_OFF","_SPECULARHIGHLIGHTS_OFF"],46,57,0],[0,0,["DIRECTIONAL","LIGHTPROBE_SH","SHADOWS_SCREEN","_EMISSION"],49,58,0],[0,0,["DIRECTIONAL","VERTEXLIGHT_ON","_GLOSSYREFLECTIONS_OFF","_SPECULARHIGHLIGHTS_OFF"],42,54,0],[0,0,["DIRECTIONAL","LIGHTPROBE_SH","VERTEXLIGHT_ON","_EMISSION"],51,52,0],[0,0,["DIRECTIONAL","SHADOWS_SCREEN","VERTEXLIGHT_ON","_EMISSION"],46,53,0],[0,0,["DIRECTIONAL","LIGHTPROBE_SH","SHADOWS_SCREEN","_GLOSSYREFLECTIONS_OFF","_SPECULARHIGHLIGHTS_OFF"],49,59,0],[0,0,["DIRECTIONAL","LIGHTPROBE_SH","VERTEXLIGHT_ON","_GLOSSYREFLECTIONS_OFF","_SPECULARHIGHLIGHTS_OFF"],51,56,0],[0,0,["DIRECTIONAL","SHADOWS_SCREEN","VERTEXLIGHT_ON","_GLOSSYREFLECTIONS_OFF","_SPECULARHIGHLIGHTS_OFF"],46,57,0],[0,0,["DIRECTIONAL","LIGHTPROBE_SH","SHADOWS_SCREEN","VERTEXLIGHT_ON","_EMISSION"],55,58,0],[0,0,["DIRECTIONAL","LIGHTPROBE_SH","SHADOWS_SCREEN","VERTEXLIGHT_ON","_GLOSSYREFLECTIONS_OFF","_SPECULARHIGHLIGHTS_OFF"],55,59,0]],[],0],[1,0,"FORWARD_DELTA",5,0,[4,null],[0,null],[2,null],[[0,"_SrcBlend"],[1,null],[0,null]],[[0,"_SrcBlend"],[1,null],[0,null]],[15,null],[0,null],[0,null],[0,null],[255,null],[255,null],[[0,null],[0,null],[0,null],[8,null]],[[0,null],[0,null],[0,null],[8,null]],[[0,null],[0,null],[0,null],[8,null]],[["LIGHTMODE","FORWARDADD"],["PerformanceChecks","False"],["RenderType","Opaque"],["SHADOWSUPPORT","true"]],["__","FOG_LINEAR","FOG_EXP","FOG_EXP2","_","_NORMALMAP","_ALPHATEST_ON","_ALPHABLEND_ON","_ALPHAPREMULTIPLY_ON","_METALLICGLOSSMAP","_PARALLAXMAP","POINT","DIRECTIONAL","SPOT","POINT_COOKIE","DIRECTIONAL_COOKIE","SHADOWS_SHADOWMASK","LIGHTMAP_SHADOW_MIXING","SHADOWS_DEPTH","SHADOWS_SOFT","SHADOWS_SCREEN","SHADOWS_CUBE","STEREO_CUBEMAP_RENDER_ON","STEREO_INSTANCING_ON","STEREO_MULTIVIEW_ON","UNITY_SINGLE_PASS_STEREO","_DETAIL_MULX2","_SMOOTHNESS_TEXTURE_ALBEDO_CHANNEL_A","_SPECULARHIGHLIGHTS_OFF"],[[["__","FOG_LINEAR","FOG_EXP","FOG_EXP2"],0],[["_","_NORMALMAP"],0],[["_","_ALPHATEST_ON","_ALPHABLEND_ON","_ALPHAPREMULTIPLY_ON"],0],[["_","_METALLICGLOSSMAP"],0],[["_","_PARALLAXMAP"],0],[["POINT"],0],[["DIRECTIONAL"],0],[["SPOT"],0],[["POINT_COOKIE"],0],[["DIRECTIONAL_COOKIE"],0],[["POINT","SHADOWS_SHADOWMASK"],0],[["DIRECTIONAL","SHADOWS_SHADOWMASK"],0],[["SPOT","SHADOWS_SHADOWMASK"],0],[["POINT_COOKIE","SHADOWS_SHADOWMASK"],0],[["DIRECTIONAL_COOKIE","SHADOWS_SHADOWMASK"],0],[["POINT","SHADOWS_SHADOWMASK","LIGHTMAP_SHADOW_MIXING"],0],[["DIRECTIONAL","SHADOWS_SHADOWMASK","LIGHTMAP_SHADOW_MIXING"],0],[["SPOT","SHADOWS_SHADOWMASK","LIGHTMAP_SHADOW_MIXING"],0],[["POINT_COOKIE","SHADOWS_SHADOWMASK","LIGHTMAP_SHADOW_MIXING"],0],[["DIRECTIONAL_COOKIE","SHADOWS_SHADOWMASK","LIGHTMAP_SHADOW_MIXING"],0],[["SPOT","SHADOWS_DEPTH"],0],[["SPOT","SHADOWS_DEPTH","SHADOWS_SOFT"],0],[["SPOT","SHADOWS_DEPTH","LIGHTMAP_SHADOW_MIXING"],0],[["SPOT","SHADOWS_DEPTH","SHADOWS_SOFT","LIGHTMAP_SHADOW_MIXING"],0],[["SPOT","SHADOWS_DEPTH","SHADOWS_SHADOWMASK"],0],[["SPOT","SHADOWS_DEPTH","SHADOWS_SOFT","SHADOWS_SHADOWMASK"],0],[["SPOT","SHADOWS_DEPTH","SHADOWS_SHADOWMASK","LIGHTMAP_SHADOW_MIXING"],0],[["SPOT","SHADOWS_DEPTH","SHADOWS_SOFT","SHADOWS_SHADOWMASK","LIGHTMAP_SHADOW_MIXING"],0],[["DIRECTIONAL","SHADOWS_SCREEN"],0],[["DIRECTIONAL_COOKIE","SHADOWS_SCREEN"],0],[["DIRECTIONAL","SHADOWS_SCREEN","LIGHTMAP_SHADOW_MIXING"],0],[["DIRECTIONAL_COOKIE","SHADOWS_SCREEN","LIGHTMAP_SHADOW_MIXING"],0],[["DIRECTIONAL","SHADOWS_SCREEN","SHADOWS_SHADOWMASK"],0],[["DIRECTIONAL_COOKIE","SHADOWS_SCREEN","SHADOWS_SHADOWMASK"],0],[["DIRECTIONAL","SHADOWS_SCREEN","SHADOWS_SHADOWMASK","LIGHTMAP_SHADOW_MIXING"],0],[["DIRECTIONAL_COOKIE","SHADOWS_SCREEN","SHADOWS_SHADOWMASK","LIGHTMAP_SHADOW_MIXING"],0],[["POINT","SHADOWS_CUBE"],0],[["POINT","SHADOWS_CUBE","SHADOWS_SOFT"],0],[["POINT","SHADOWS_CUBE","LIGHTMAP_SHADOW_MIXING"],0],[["POINT","SHADOWS_CUBE","SHADOWS_SOFT","LIGHTMAP_SHADOW_MIXING"],0],[["POINT","SHADOWS_CUBE","SHADOWS_SHADOWMASK"],0],[["POINT","SHADOWS_CUBE","SHADOWS_SOFT","SHADOWS_SHADOWMASK"],0],[["POINT","SHADOWS_CUBE","SHADOWS_SHADOWMASK","LIGHTMAP_SHADOW_MIXING"],0],[["POINT","SHADOWS_CUBE","SHADOWS_SOFT","SHADOWS_SHADOWMASK","LIGHTMAP_SHADOW_MIXING"],0],[["POINT_COOKIE","SHADOWS_CUBE"],0],[["POINT_COOKIE","SHADOWS_CUBE","SHADOWS_SOFT"],0],[["POINT_COOKIE","SHADOWS_CUBE","LIGHTMAP_SHADOW_MIXING"],0],[["POINT_COOKIE","SHADOWS_CUBE","SHADOWS_SOFT","LIGHTMAP_SHADOW_MIXING"],0],[["POINT_COOKIE","SHADOWS_CUBE","SHADOWS_SHADOWMASK"],0],[["POINT_COOKIE","SHADOWS_CUBE","SHADOWS_SOFT","SHADOWS_SHADOWMASK"],0],[["POINT_COOKIE","SHADOWS_CUBE","SHADOWS_SHADOWMASK","LIGHTMAP_SHADOW_MIXING"],0],[["POINT_COOKIE","SHADOWS_CUBE","SHADOWS_SOFT","SHADOWS_SHADOWMASK","LIGHTMAP_SHADOW_MIXING"],0]],[[1,0,["POINT"],60,61,0],[1,0,["DIRECTIONAL"],62,63,0],[1,0,["SPOT"],64,65,0],[1,0,["POINT_COOKIE"],60,66,0],[1,0,["DIRECTIONAL_COOKIE"],67,68,0],[1,0,["SHADOWS_DEPTH","SPOT"],64,69,0],[1,0,["DIRECTIONAL","SHADOWS_SCREEN"],70,71,0],[1,0,["DIRECTIONAL_COOKIE","SHADOWS_SCREEN"],72,73,0],[1,0,["DIRECTIONAL","_SPECULARHIGHLIGHTS_OFF"],62,74,0],[1,0,["SPOT","_SPECULARHIGHLIGHTS_OFF"],64,75,0],[1,0,["POINT_COOKIE","_SPECULARHIGHLIGHTS_OFF"],60,76,0],[1,0,["DIRECTIONAL_COOKIE","_SPECULARHIGHLIGHTS_OFF"],67,77,0],[1,0,["POINT","_SPECULARHIGHLIGHTS_OFF"],60,78,0],[1,0,["SHADOWS_DEPTH","SPOT","_SPECULARHIGHLIGHTS_OFF"],64,79,0],[1,0,["DIRECTIONAL","SHADOWS_SCREEN","_SPECULARHIGHLIGHTS_OFF"],70,80,0],[1,0,["DIRECTIONAL_COOKIE","SHADOWS_SCREEN","_SPECULARHIGHLIGHTS_OFF"],72,81,0]],[],0],[2,0,"ShadowCaster",8,0,[4,null],[1,null],[2,null],[[1,null],[0,null],[0,null]],[[1,null],[0,null],[0,null]],[15,null],[0,null],[0,null],[0,null],[255,null],[255,null],[[0,null],[0,null],[0,null],[8,null]],[[0,null],[0,null],[0,null],[8,null]],[[0,null],[0,null],[0,null],[8,null]],[["LIGHTMODE","SHADOWCASTER"],["PerformanceChecks","False"],["RenderType","Opaque"],["SHADOWSUPPORT","true"]],["__","INSTANCING_ON","_","_ALPHATEST_ON","_ALPHABLEND_ON","_ALPHAPREMULTIPLY_ON","_METALLICGLOSSMAP","_PARALLAXMAP","SHADOWS_DEPTH","SHADOWS_CUBE","STEREO_CUBEMAP_RENDER_ON","STEREO_INSTANCING_ON","STEREO_MULTIVIEW_ON","UNITY_SINGLE_PASS_STEREO","_SMOOTHNESS_TEXTURE_ALBEDO_CHANNEL_A"],[[["__","INSTANCING_ON"],0],[["_","_ALPHATEST_ON","_ALPHABLEND_ON","_ALPHAPREMULTIPLY_ON"],0],[["_","_METALLICGLOSSMAP"],0],[["_","_PARALLAXMAP"],0],[["SHADOWS_DEPTH"],0],[["SHADOWS_CUBE"],0]],[[2,0,["SHADOWS_DEPTH"],82,83,0]],[],0]],[],[["_Color",0,1,1,1,1,""],["_MainTex",4,0,0,0,0,"white"],["_Cutoff",3,0.5,0,1,0,""],["_Glossiness",3,0.5,0,1,0,""],["_GlossMapScale",3,1,0,1,0,""],["_SmoothnessTextureChannel",2,0,0,0,0,""],["_Metallic",3,0,0,1,0,""],["_MetallicGlossMap",4,0,0,0,0,"white"],["_SpecularHighlights",2,1,0,0,0,""],["_GlossyReflections",2,1,0,0,0,""],["_BumpScale",2,1,0,0,0,""],["_BumpMap",4,0,0,0,0,"bump"],["_Parallax",3,0.0199999995529652,0.00499999988824129,0.0799999982118607,0,""],["_ParallaxMap",4,0,0,0,0,"black"],["_OcclusionStrength",3,1,0,1,0,""],["_OcclusionMap",4,0,0,0,0,"white"],["_EmissionColor",0,0,0,0,1,""],["_EmissionMap",4,0,0,0,0,"white"],["_DetailMask",4,0,0,0,0,"white"],["_DetailAlbedoMap",4,0,0,0,0,"grey"],["_DetailNormalMapScale",2,1,0,0,0,""],["_DetailNormalMap",4,0,0,0,0,"bump"],["_UVSec",2,0,0,0,0,""],["_Mode",2,0,0,0,0,""],["_SrcBlend",2,1,0,0,0,""],["_DstBlend",2,0,0,0,0,""],["_ZWrite",2,1,0,0,0,""]],0,68,0,0,0]},{"id":8,"assetBundleId":-2,"data":[[],"Hidden/Internal-ScreenSpaceShadows","0000000000000000f000000000000000",["SHADOWS_SINGLE_CASCADE","SHADOWS_SPLIT_SPHERES"],[[0,0,"",0,0,[8,null],[0,null],[0,null],[[1,null],[0,null],[0,null]],[[1,null],[0,null],[0,null]],[15,null],[0,null],[0,null],[0,null],[255,null],[255,null],[[0,null],[0,null],[0,null],[8,null]],[[0,null],[0,null],[0,null],[8,null]],[[0,null],[0,null],[0,null],[8,null]],[["ShadowmapFilter","HardShadow"],["LIGHTMODE","ALWAYS"]],["SHADOWS_SPLIT_SPHERES","SHADOWS_SINGLE_CASCADE","STEREO_CUBEMAP_RENDER_ON","STEREO_INSTANCING_ON","STEREO_MULTIVIEW_ON","UNITY_SINGLE_PASS_STEREO"],[[[],0],[["SHADOWS_SPLIT_SPHERES"],0],[["SHADOWS_SINGLE_CASCADE"],0],[["SHADOWS_SPLIT_SPHERES","SHADOWS_SINGLE_CASCADE"],0]],[[0,0,[],84,85,1],[0,0,["SHADOWS_SPLIT_SPHERES"],84,86,1],[0,0,["SHADOWS_SINGLE_CASCADE"],84,87,1],[0,0,["SHADOWS_SINGLE_CASCADE","SHADOWS_SPLIT_SPHERES"],84,87,1]],[],1],[0,2,"",0,0,[8,null],[0,null],[0,null],[[1,null],[0,null],[0,null]],[[1,null],[0,null],[0,null]],[15,null],[0,null],[0,null],[0,null],[255,null],[255,null],[[0,null],[0,null],[0,null],[8,null]],[[0,null],[0,null],[0,null],[8,null]],[[0,null],[0,null],[0,null],[8,null]],[["ShadowmapFilter","PCF_SOFT"],["LIGHTMODE","ALWAYS"]],["SHADOWS_SPLIT_SPHERES","SHADOWS_SINGLE_CASCADE","STEREO_CUBEMAP_RENDER_ON","STEREO_INSTANCING_ON","STEREO_MULTIVIEW_ON","UNITY_SINGLE_PASS_STEREO"],[[[],0],[["SHADOWS_SPLIT_SPHERES"],0],[["SHADOWS_SINGLE_CASCADE"],0],[["SHADOWS_SPLIT_SPHERES","SHADOWS_SINGLE_CASCADE"],0]],[[0,2,[],84,88,1],[0,2,["SHADOWS_SPLIT_SPHERES"],84,89,1],[0,2,["SHADOWS_SINGLE_CASCADE"],84,90,1],[0,2,["SHADOWS_SINGLE_CASCADE","SHADOWS_SPLIT_SPHERES"],84,90,1]],[],1],[0,0,"",0,0,[8,null],[0,null],[0,null],[[1,null],[0,null],[0,null]],[[1,null],[0,null],[0,null]],[15,null],[0,null],[0,null],[0,null],[255,null],[255,null],[[0,null],[0,null],[0,null],[8,null]],[[0,null],[0,null],[0,null],[8,null]],[[0,null],[0,null],[0,null],[8,null]],[["ShadowmapFilter","HardShadow"],["LIGHTMODE","ALWAYS"]],["SHADOWS_SPLIT_SPHERES","SHADOWS_SINGLE_CASCADE","STEREO_CUBEMAP_RENDER_ON","STEREO_INSTANCING_ON","STEREO_MULTIVIEW_ON","UNITY_SINGLE_PASS_STEREO"],[[[],0],[["SHADOWS_SPLIT_SPHERES"],0],[["SHADOWS_SINGLE_CASCADE"],0],[["SHADOWS_SPLIT_SPHERES","SHADOWS_SINGLE_CASCADE"],0]],[[0,0,[],84,85,1],[0,0,["SHADOWS_SPLIT_SPHERES"],84,86,1],[0,0,["SHADOWS_SINGLE_CASCADE"],84,87,1],[0,0,["SHADOWS_SINGLE_CASCADE","SHADOWS_SPLIT_SPHERES"],84,87,1]],[],1]],[],[["_ShadowMapTexture",4,0,0,0,0,""],["_ODSWorldTexture",4,0,0,0,0,""]],null,null,1,0,0]},{"id":48,"assetBundleId":-2,"data":[[],"Hidden/BlitCopy","0000000000000000f000000000000000",[],[[0,0,"",0,0,[8,null],[0,null],[0,null],[[1,null],[0,null],[0,null]],[[1,null],[0,null],[0,null]],[15,null],[0,null],[0,null],[0,null],[255,null],[255,null],[[0,null],[0,null],[0,null],[8,null]],[[0,null],[0,null],[0,null],[8,null]],[[0,null],[0,null],[0,null],[8,null]],[["LIGHTMODE","ALWAYS"]],["STEREO_CUBEMAP_RENDER_ON","STEREO_INSTANCING_ON","STEREO_MULTIVIEW_ON","UNITY_SINGLE_PASS_STEREO"],[],[[0,0,[],91,92,0]],[],0]],[],[["_MainTex",4,0,0,0,0,""],["_Color",0,1,1,1,1,""]],null,null,0,0,0]},{"id":68,"assetBundleId":-2,"data":[[],"Legacy Shaders/VertexLit","0000000000000000f000000000000000",["FOG_EXP","FOG_EXP2","FOG_LINEAR","POINT","SPOT","SHADOWS_DEPTH","_","__","INSTANCING_ON","SHADOWS_CUBE"],[[0,0,"",1,0,[4,null],[1,null],[2,null],[[1,null],[0,null],[0,null]],[[1,null],[0,null],[0,null]],[15,null],[0,null],[0,null],[0,null],[255,null],[255,null],[[0,null],[0,null],[0,null],[8,null]],[[0,null],[0,null],[0,null],[8,null]],[[0,null],[0,null],[0,null],[8,null]],[["LIGHTMODE","Vertex"],["RenderType","Opaque"]],["_","FOG_LINEAR","FOG_EXP","FOG_EXP2","POINT","SPOT","STEREO_CUBEMAP_RENDER_ON","STEREO_INSTANCING_ON","STEREO_MULTIVIEW_ON","UNITY_SINGLE_PASS_STEREO"],[[["_","FOG_LINEAR","FOG_EXP","FOG_EXP2"],0],[["_","POINT","SPOT"],0]],[[0,0,[],93,94,0],[0,0,["POINT"],95,94,0],[0,0,["SPOT"],96,94,0]],[],0],[1,0,"",2,0,[4,null],[1,null],[2,null],[[1,null],[0,null],[0,null]],[[1,null],[0,null],[0,null]],[15,null],[0,null],[0,null],[0,null],[255,null],[255,null],[[0,null],[0,null],[0,null],[8,null]],[[0,null],[0,null],[0,null],[8,null]],[[0,null],[0,null],[0,null],[8,null]],[["LIGHTMODE","VertexLM"],["RenderType","Opaque"]],["__","FOG_LINEAR","FOG_EXP","FOG_EXP2","STEREO_CUBEMAP_RENDER_ON","STEREO_INSTANCING_ON","STEREO_MULTIVIEW_ON","UNITY_SINGLE_PASS_STEREO"],[[["__","FOG_LINEAR","FOG_EXP","FOG_EXP2"],0]],[[1,0,[],97,98,0]],[],0],[2,0,"ShadowCaster",8,0,[4,null],[1,null],[2,null],[[1,null],[0,null],[0,null]],[[1,null],[0,null],[0,null]],[15,null],[0,null],[0,null],[0,null],[255,null],[255,null],[[0,null],[0,null],[0,null],[8,null]],[[0,null],[0,null],[0,null],[8,null]],[[0,null],[0,null],[0,null],[8,null]],[["LIGHTMODE","SHADOWCASTER"],["RenderType","Opaque"],["SHADOWSUPPORT","true"]],["__","INSTANCING_ON","SHADOWS_DEPTH","SHADOWS_CUBE","STEREO_CUBEMAP_RENDER_ON","STEREO_INSTANCING_ON","STEREO_MULTIVIEW_ON","UNITY_SINGLE_PASS_STEREO"],[[["__","INSTANCING_ON"],0],[["SHADOWS_DEPTH"],0],[["SHADOWS_CUBE"],0]],[[2,0,["SHADOWS_DEPTH"],82,83,0]],[],0]],[],[["_Color",0,1,1,1,1,""],["_SpecColor",0,1,1,1,1,""],["_Emission",0,0,0,0,0,""],["_Shininess",3,0.699999988079071,0.00999999977648258,1,0,""],["_MainTex",4,0,0,0,0,"white"]],null,null,0,0,0]}],"sprites":[{"id":700,"path":"Resources/unity_builtin_extra\\Background","assetBundleId":-2,"data":["Background",5,698,[0,0,0,0.08,0.08,0],[0.05,0.08,0,0.8125,1,0.08,-0.08,0,1,0,0.08,0.075,0,1,0.96875,-0.07,0.08,0,0.0625,1,-0.075,-0.08,0,0.03124997,0,-0.08,0.07,0,0,0.9375,-0.08,-0.05,0,0,0.1875],[6,5,4,3,4,5,1,4,3,0,1,3,2,1,0],-0.000835968181490898,-0.00160364620387554,0.999164044857025,0.998396337032318,0,0,1,1,0.3125,0.3125,0.3125,0.3125,[0,0,0,0],[-0.08,-0.08,0.08,0.08],200,32,32,32,32,16,16,0.0267509818077087,0.0513166785240173]},{"id":696,"path":"Resources/unity_builtin_extra\\UISprite","assetBundleId":-2,"data":["UISprite",5,694,[0,0,0,0.08,0.08,0],[0.05,0.08,0,0.8125,1,0.08,-0.08,0,1,0,0.08,0.075,0,1,0.96875,-0.07,0.08,0,0.0625,1,-0.075,-0.08,0,0.03124997,0,-0.08,0.07,0,0,0.9375,-0.08,-0.05,0,0,0.1875],[6,5,4,3,4,5,1,4,3,0,1,3,2,1,0],-0.000835968181490898,-0.00160364620387554,0.999164044857025,0.998396337032318,0,0,1,1,0.3125,0.3125,0.3125,0.3125,[0,0,0,0],[-0.08,-0.08,0.08,0.08],200,32,32,32,32,16,16,0.0267509818077087,0.0513166785240173]}],"textures":[{"id":694,"type":0,"path":"Resources/unity_builtin_extra\\UISprite","assetBundleId":-2,"data":["UISprite",32,32,6,16,1,0,4,1,1,1]},{"id":698,"type":0,"path":"Resources/unity_builtin_extra\\Background","assetBundleId":-2,"data":["Background",32,32,6,16,1,0,4,1,1,1]}],"cubemaps":[{"id":24840,"type":2,"path":"Assets/Game/Scenes/SampleScene.unity/PrefilteredEnvironment.exr","assetBundleId":-2,"data":["",-1123606,8,0,128,0,2,1,[0,0,0.25,0.5,0,0.5,0.25,1,0.25,0,0.5,0.5,0.25,0.5,0.5,1,0.5,0,0.75,0.5,0.75,0,1,0.5,0.5,0.5,0.625,0.75,0.5,0.75,0.625,1,0.625,0.5,0.75,0.75,0.625,0.75,0.75,1,0.75,0.5,0.875,0.75,0.875,0.5,1,0.75,0.75,0.75,0.8125,0.875,0.75,0.875,0.8125,1,0.8125,0.75,0.875,0.875,0.8125,0.875,0.875,1,0.875,0.75,0.9375,0.875,0.9375,0.75,1,0.875,0.875,0.875,0.90625,0.9375,0.875,0.9375,0.90625,1,0.90625,0.875,0.9375,0.9375,0.90625,0.9375,0.9375,1,0.9375,0.875,0.96875,0.9375,0.96875,0.875,1,0.9375,0.9375,0.9375,0.953125,0.96875,0.9375,0.96875,0.953125,1,0.953125,0.9375,0.96875,0.96875,0.953125,0.96875,0.96875,1,0.96875,0.9375,0.984375,0.96875,0.984375,0.9375,1,0.96875,0.96875,0.96875,0.9765625,0.984375,0.96875,0.984375,0.9765625,1,0.9765625,0.96875,0.984375,0.984375,0.9765625,0.984375,0.984375,1,0.984375,0.96875,0.9921875,0.984375,0.9921875,0.96875,1,0.984375,0.984375,0.984375,0.98828125,0.9921875,0.984375,0.9921875,0.98828125,1,0.98828125,0.984375,0.9921875,0.9921875,0.98828125,0.9921875,0.9921875,1,0.9921875,0.984375,0.99609375,0.9921875,0.99609375,0.984375,1,0.9921875,0.9921875,0.9921875,0.994140625,0.99609375,0.9921875,0.99609375,0.994140625,1,0.994140625,0.9921875,0.99609375,0.99609375,0.994140625,0.99609375,0.99609375,1,0.99609375,0.9921875,0.998046875,0.99609375,0.998046875,0.9921875,1,0.99609375]]}],"resources":[{"id":0,"assetBundleId":-2,"data":[[["unity_builtin_extra",0,8],["unity_builtin_extra",0,30],["unity_builtin_extra",0,64],["unity_builtin_extra",3,676],["unity_builtin_extra",0,28],["unity_builtin_extra",3,430],["unity_builtin_extra",5,694],["unity_builtin_extra",18,696],["unity_builtin_extra",5,698],["unity_builtin_extra",18,700],["unity_builtin_extra",0,292],["unity_builtin_extra",0,150],["unity_builtin_extra",3,678],["dotweensettings",62,24762]],[24262,23924,24324,23924,24260,23924,24258,23924,24230,23924,24268,23924,24318,23924,24266,23924,24264,23924,24248,23924,24356,23924,24246,23924,24244,23924,24242,23924,24238,23924,24256,23924,24064,23924,24254,23924,24252,23924,24250,23924,24094,23924,24344,23924,24240,23924,24236,23924,24234,23924,24232,23924,24212,23924,24202,23924,24220,23924,24280,23924,24214,23924,24222,23924,24288,23924,24272,23924,24294,23924,24216,23924,24270,23924,24284,23924,24194,23924,24204,23924,24208,23924,23918,23924,24196,23924,-1122810,86644,-1122814,86644,-1122806,86644,-1122802,86644,-1122798,86644,-1122826,86644,-1122830,86644,-1122822,86644,-1122818,86644,-1122862,86644,-1122866,86644,-1122858,86644,-1122854,86644,-1122850,86644,-1122846,86644,23994,23998,86350,86644,24600,23998,23996,23998,-1122530,86644,-1122882,86644,-1122878,86644,-1122874,86644,-1122870,86644,86418,86644,24066,24070,24608,24070,-1122962,86644,24614,24070,24072,24070,-1122970,86644,24606,24070,24068,24070,-1122894,86644,-1122888,86644,-1122842,86644,-1122838,86644,-1122834,86644,-1122794,86644,-1122790,86644,-1122902,86644,-1122906,86644,-1122898,86644,-1122910,86644,-1122914,86644,-1122922,86644,-1122926,86644,-1122918,86644,-1122930,86644,-1122934,86644,-1122786,86644,-1122938,86644,-1122942,86644,86344,86644,23920,23924,-1122946,86644,23960,23962,24368,23962,24370,23962,24404,24014,24406,24014,24402,24014,24396,24014,24408,24014,24410,24014,24392,24014,24382,24014,24010,24014,24384,24014,-1122622,86572,-1122626,86572,-1122618,86572,-1122614,86572,-1122630,86572,-1122634,86572,-1122610,86572,-1122606,86572,86256,86572,24012,24014,-1122638,86572,23978,23984,86614,86572,24594,23984,23980,23984,23912,23914,-1123280,86572,23948,23914,85646,86572,-1122462,86572,86494,86572,86616,86572,85804,86572,23966,23972,24538,23972,23968,23972,23940,23944,24526,23944,23942,23944,86458,85932,86906,85932,86390,85932,24430,24022,24444,24022,24024,24022,24432,24022,24424,24022,24020,24022,24436,24022,24426,24022,-1122686,85974,24466,24022,24468,24022,-1122694,85974,-1122678,85974,24454,24022,24456,24022,24460,24022,24462,24022,-1122702,85974,-1122666,85974,24446,24022,24448,24022,86290,85974,24434,24022,24438,24022,-1122670,85974,-1122662,85974,24440,24022,24054,24058,24520,24058,24056,24058,23930,23936,24362,23936,23932,23936,24084,24088,24532,24088,24086,24088,24002,24006,24376,24006,24004,24006,24126,24128,24582,24128,24584,24128,24076,24080,86304,86640,24164,24080,24078,24080,24486,24032,24040,24032,24480,24032,24030,24032,24482,24032,-1122992,86640,-1122718,86640,-1122714,86640,86302,86640,24036,24032,23952,23954,23956,23954,24590,23954,-1122724,86640,-1122376,86640,86340,86640,85678,86640,86400,86640,86174,86640,86854,86640,85848,86640,24148,24146,24154,24146,24114,24146,24118,24122,24576,24122,24120,24122,24558,24564,24544,24106,24572,24564,24570,24564,24556,24106,24104,24106,24546,24106,24548,24106,-1123442,86844,24566,24106,24568,24106,-1123446,86844,86924,86844,-1123454,86844,-1123458,86844,-1123256,86844,-1123260,86844,86558,86844,-1123268,86844,-1123272,86844,-1123060,86844,-1123064,86844,-1123056,86844,-1123052,86844,-1123048,86844,-1123076,86844,-1123080,86844,-1123072,86844,-1123068,86844,-1123112,86844,-1123116,86844,-1123108,86844,-1123104,86844,-1123100,86844,-1123096,86844,-1123132,86844,-1123136,86844,-1123128,86844,-1123124,86844,-1123120,86844,-1123144,86844,-1123148,86844,-1123140,86844,-1123092,86844,-1123088,86844,-1123084,86844,-1123044,86844,-1123040,86844,-1123156,86844,-1123160,86844,-1123152,86844,-1123164,86844,-1123168,86844,-1123176,86844,-1123180,86844,-1123172,86844,-1123184,86844,-1123188,86844,-1123036,86844,-1123192,86844,-1123196,86844,86454,86844,-1123200,86844,24044,24050,24496,24050,24498,24050,86314,86104,24510,24050,24042,24050,24512,24050,24048,24050,-1122746,86104,-1122754,86104,24500,24050,24046,24050,24176,24182,23904,23902,24190,24182,24188,24182,24174,23902,85812,86104,24184,23902,24186,23902,-1123430,86104,23908,23902,86250,86104,-1122596,86104,85756,86104,-1122320,86104,86152,86104,-1122550,86104,86404,86104,-1123008,86104,86358,86104,-1122954,86104,85986,86104,-1122434,86104,86048,86104,-1122496,86104,86028,86104,-1122476,86104,85836,86104,-1122368,86104,85616,86104,-1122062,86104,85708,86104,-1122260,86104,86620,86104,-1123320,86104,85808,86104,-1122358,86104,86194,86104,-1122576,86104,86506,86104,-1123218,86104,86006,86104,-1122454,86104,86158,86104,-1122560,86104,86092,86104,-1122510,86104,85890,86104,-1122406,86104,86610,86104,-1123310,86104,85904,86104,-1122416,86104,86688,86104,-1123344,86104,86284,86104,-1122654,86104,85720,86104,-1122280,86104,86832,86104,-1123390,86104,85742,86104,-1122294,86104,86116,86104,-1122524,86104,86146,86104,-1122540,86104,86318,86104,-1122764,86104,86868,86104,-1123410,86104,86386,86104,-1122984,86104,86308,86104,-1122732,86104,86000,86104,-1122444,86104,85788,86104,-1122348,86104,86594,86104,-1123290,86104,86538,86104,-1123236,86104,85750,86104,-1122310,86104,86422,86104,-1123018,86104,85774,86104,-1122334,86104,86236,86104,-1122586,86104,86600,86104,-1123300,86104,86434,86104,-1123028,86104,86794,86104,-1123374,86104,86548,86104,-1123246,86104,86662,86104,-1123334,86104,86034,86104,-1122486,86104,85716,86104,-1122270,86104,-1122100,86844,-1122104,86844,-1122096,86844,-1122092,86844,-1122088,86844,-1122116,86844,-1122120,86844,-1122112,86844,-1122108,86844,-1122152,86844,-1122156,86844,-1122148,86844,-1122144,86844,-1122140,86844,-1122136,86844,-1122172,86844,-1122176,86844,-1122168,86844,-1122164,86844,-1122160,86844,-1122184,86844,-1122188,86844,-1122180,86844,-1122132,86844,-1122128,86844,-1122124,86844,-1122084,86844,-1122080,86844,-1122196,86844,-1122200,86844,-1122192,86844,-1122204,86844,-1122208,86844,-1122216,86844,-1122220,86844,-1122212,86844,-1122224,86844,-1122228,86844,-1122076,86844,-1122232,86844,-1122236,86844,85660,86844,-1122240,86844,86918,86104,86252,86104,85758,86104,86154,86104,86406,86104,86360,86104,85988,86104,86050,86104,86030,86104,85838,86104,85618,86104,85710,86104,86622,86104,85810,86104,86196,86104,86508,86104,86008,86104,86160,86104,86094,86104,85892,86104,86612,86104,85906,86104,86690,86104,86286,86104,85722,86104,86834,86104,85744,86104,86118,86104,86148,86104,86320,86104,86870,86104,86388,86104,86310,86104,86002,86104,85790,86104,86596,86104,86540,86104,85752,86104,86424,86104,85776,86104,86238,86104,86602,86104,86436,86104,86796,86104,86550,86104,86664,86104,86036,86104,85714,86104,86828,86844,23894,23898,24168,23898,23896,23898,86268,86070,86838,86070,85734,86070,86332,86070,86874,86070,86272,86070,86294,86070,86698,86070,86736,86666,86728,86666,85910,86666,86324,86666,86370,86666,86562,86666,85638,86666,85942,86666,85878,86496,86080,86496,86474,86496,85700,86496,86630,86496,85692,86496,86520,86496,86020,86496,85604,85820,86098,85820,85866,85820,86744,85820,86720,85820,86512,85820,85766,85820,85780,85820,25104,25010,25166,25010,25102,25010,25100,25010,25070,25010,25110,25010,25160,25010,25108,25010,25106,25010,25090,25010,25200,25010,25088,25010,25086,25010,25084,25010,25078,25010,25098,25010,25196,25010,25096,25010,25094,25010,25092,25010,25082,25010,25186,25010,25080,25010,25076,25010,25074,25010,25072,25010,25058,25010,25052,25010,25066,25010,25122,25010,25060,25010,25068,25010,25130,25010,25114,25010,25136,25010,25062,25010,25112,25010,25126,25010,25048,25010,25046,25010,25050,25010,25296,25290,25300,25290,24984,24976,25316,25310,24986,24976,24988,24976,25320,25310,25218,25206,25222,25206,25210,25206,25334,25330,25342,25330,25246,25234,25250,25234,25238,25234,25274,25262,25278,25262,25266,25262]]}],"project-settings":[{"id":-1,"assetBundleId":-2,"data":[[["UnityEngine.EventSystems.EventSystem",-1000],["UnityEngine.UI.ToggleGroup",10],["TMPro.TextMeshPro",-105],["TMPro.TextMeshProUGUI",-100],["TMPro.TextContainer",-110]],[[0,"Default",0]],[[0,"Default"],[1,"TransparentFX"],[2,"Ignore Raycast"],[4,"Water"],[5,"UI"],[6,"InteractablePlace"]],[0.0199999995529652,0.333333343267441,1,0.0299999993294477],[0,-9.8100004196167,0,6,2,0,1,[[0,0,0],[0,0,1],[0,0,2],[0,0,4],[0,0,5],[0,0,6],[0,1,0],[0,1,1],[0,1,2],[0,1,4],[0,1,5],[0,1,6],[0,2,0],[0,2,1],[0,2,2],[0,2,4],[0,2,5],[0,2,6],[0,4,0],[0,4,1],[0,4,2],[0,4,4],[0,4,5],[0,4,6],[0,5,0],[0,5,1],[0,5,2],[0,5,4],[0,5,5],[0,5,6],[0,6,0],[0,6,1],[0,6,2],[0,6,4],[0,6,5],[0,6,6]]],[null,null,0,-9.8100004196167,3,8,1,0.200000002980232,8,100,360,0.200000002980232,0.75,0.5,0.00999999977648258,2,0.00999999977648258,1,1,1,1,1,0,[[0,0,0],[0,0,1],[0,0,2],[0,0,4],[0,0,5],[0,0,6],[0,1,0],[0,1,1],[0,1,2],[0,1,4],[0,1,5],[0,1,6],[0,2,0],[0,2,1],[0,2,2],[0,2,4],[0,2,5],[0,2,6],[0,4,0],[0,4,1],[0,4,2],[0,4,4],[0,4,5],[0,4,6],[0,5,0],[0,5,1],[0,5,2],[0,5,4],[0,5,5],[0,5,6],[0,6,0],[0,6,1],[0,6,2],[0,6,4],[0,6,5],[0,6,6]]],[[[[],["Very Low","Low","Medium","High","Very High","Ultra"],0,0,0,0.300000011920929,1,15,0,1,0,0,0,0,0,1,2,4,0,0,0.333333343267441,0.0666666701436043,0.200000002980232,0.466666668653488,0,0,16,2,0,3,512,0,1,2,512,1,1024,0],[[],["Very Low","Low","Medium","High","Very High","Ultra"],0,0,0,0.400000005960464,1,20,0,1,0,0,0,0,0,0,2,16,0,0,0.333333343267441,0.0666666701436043,0.200000002980232,0.466666668653488,0,0,16,2,0,3,512,0,1,2,512,1,1024,1],[[],["Very Low","Low","Medium","High","Very High","Ultra"],1,1,0,0.699999988079071,1,20,0,1,0,0,0,0,0,0,2,64,1,0,0.333333343267441,0.0666666701436043,0.200000002980232,0.466666668653488,0,1,16,2,0,3,512,0,1,2,512,1,1024,2],[[],["Very Low","Low","Medium","High","Very High","Ultra"],2,1,0,1,2,40,1,1,1,0,1,0,0,0,2,256,2,1,0.333333343267441,0.0666666701436043,0.200000002980232,0.466666668653488,0,1,16,2,1,3,512,0,1,2,512,1,1024,3],[[],["Very Low","Low","Medium","High","Very High","Ultra"],2,2,2,1.5,2,70,1,1,2,1,1,0,0,0,2,1024,3,1,0.333333343267441,0.0666666701436043,0.200000002980232,0.466666668653488,0,1,16,2,1,3,512,0,1,2,512,1,1024,4],[[],["Very Low","Low","Medium","High","Very High","Ultra"],2,2,2,2,4,150,1,1,2,1,1,0,0,0,2,4096,4,1,0.333333343267441,0.0666666701436043,0.200000002980232,0.466666668653488,0,1,16,2,1,3,512,0,1,2,512,1,1024,5]],["Very Low","Low","Medium","High","Very High","Ultra"],2,2,2,2,4,150,1,1,2,1,1,0,0,0,2,4096,4,1,0.333333343267441,0.0666666701436043,0.200000002980232,0.466666668653488,0,1,16,2,1,3,512,0,1,2,512,1,1024,5],0,0,0,2,0,["Untagged","Respawn","Finish","EditorOnly","MainCamera","Player","GameController"]]}]}