{"materials":[{"id":430,"path":"Resources/unity_builtin_extra\\Sprites-Default","assetBundleId":-2,"data":["Sprites-Default",0,28,3000,0,[["PixelSnap",0],["_EnableExternalAlpha",0]],[["_Color",1,1,1,1],["_RendererColor",1,1,1,1]],[["_MainTex_ST",1,1,0,0],["_Flip",1,1,1,1],["_AlphaTex_ST",1,1,0,0]],[["_MainTex",null,null],["_AlphaTex",null,null]],[]]},{"id":676,"path":"Resources/unity_builtin_extra\\Default-Material","assetBundleId":-2,"data":["Default-Material",0,64,2000,0,[["_Cutoff",0.5],["_Glossiness",0.5],["_GlossMapScale",1],["_SmoothnessTextureChannel",0],["_Metallic",0],["_SpecularHighlights",1],["_GlossyReflections",1],["_BumpScale",1],["_Parallax",0.0199999995529652],["_OcclusionStrength",1],["_DetailNormalMapScale",1],["_UVSec",0],["_Mode",0],["_SrcBlend",1],["_DstBlend",0],["_ZWrite",1]],[["_Color",1,1,1,1],["_EmissionColor",0,0,0,0.999999940395355]],[["_MainTex_ST",1,1,0,0],["_MetallicGlossMap_ST",1,1,0,0],["_BumpMap_ST",1,1,0,0],["_ParallaxMap_ST",1,1,0,0],["_OcclusionMap_ST",1,1,0,0],["_EmissionMap_ST",1,1,0,0],["_DetailMask_ST",1,1,0,0],["_DetailAlbedoMap_ST",1,1,0,0],["_DetailNormalMap_ST",1,1,0,0]],[["_MainTex",null,null],["_MetallicGlossMap",null,null],["_BumpMap",null,null],["_ParallaxMap",null,null],["_OcclusionMap",null,null],["_EmissionMap",null,null],["_DetailMask",null,null],["_DetailAlbedoMap",null,null],["_DetailNormalMap",null,null]],[["_EMISSION",1]]]},{"id":678,"path":"Resources/unity_builtin_extra\\Default-Skybox","assetBundleId":-2,"data":["Default-Skybox",0,150,1000,0,[["_SunDisk",1],["_SunSize",0.0399999991059303],["_SunSizeConvergence",5],["_AtmosphereThickness",1],["_Exposure",1.29999995231628]],[["_SkyTint",0.5,0.5,0.5,1],["_GroundColor",0.368999987840652,0.349000006914139,0.340999990701675,1]],[],[],[["_SUNDISK_SIMPLE",1]]]}],"shaders":[{"id":150,"assetBundleId":-2,"data":[[],"Skybox/Procedural","0000000000000000f000000000000000",["_SUNDISK_HIGH_QUALITY","_SUNDISK_NONE","_SUNDISK_SIMPLE"],[[0,0,"",0,0,[4,null],[0,null],[0,null],[[1,null],[0,null],[0,null]],[[1,null],[0,null],[0,null]],[15,null],[0,null],[0,null],[0,null],[255,null],[255,null],[[0,null],[0,null],[0,null],[8,null]],[[0,null],[0,null],[0,null],[8,null]],[[0,null],[0,null],[0,null],[8,null]],[["PreviewType","Skybox"],["QUEUE","Background"],["RenderType","Background"],["LIGHTMODE","ALWAYS"]],["_SUNDISK_NONE","_SUNDISK_SIMPLE","_SUNDISK_HIGH_QUALITY","STEREO_CUBEMAP_RENDER_ON","STEREO_INSTANCING_ON","STEREO_MULTIVIEW_ON","UNITY_SINGLE_PASS_STEREO"],[],[[0,0,["_SUNDISK_SIMPLE"],0,1,0]],[],0]],[],[["_SunDisk",2,2,0,0,0,""],["_SunSize",3,0.0399999991059303,0,1,0,""],["_SunSizeConvergence",3,5,1,10,0,""],["_AtmosphereThickness",3,1,0,5,0,""],["_SkyTint",0,0.5,0.5,0.5,1,""],["_GroundColor",0,0.368999987840652,0.349000006914139,0.340999990701675,1,""],["_Exposure",3,1.29999995231628,0,8,0,""]],null,null,0,0,0]},{"id":292,"assetBundleId":-2,"data":[[],"Mobile/Particles/Alpha Blended","0000000000000000f000000000000000",["FOG_EXP","FOG_EXP2","FOG_LINEAR","_"],[[0,0,"",0,0,[4,null],[0,null],[0,null],[[5,null],[10,null],[0,null]],[[5,null],[10,null],[0,null]],[15,null],[0,null],[0,null],[0,null],[255,null],[255,null],[[0,null],[0,null],[0,null],[8,null]],[[0,null],[0,null],[0,null],[8,null]],[[0,null],[0,null],[0,null],[8,null]],[["IGNOREPROJECTOR","true"],["PreviewType","Plane"],["QUEUE","Transparent"],["RenderType","Transparent"],["LIGHTMODE","ALWAYS"]],["_","FOG_LINEAR","FOG_EXP","FOG_EXP2","STEREO_CUBEMAP_RENDER_ON","STEREO_INSTANCING_ON","STEREO_MULTIVIEW_ON","UNITY_SINGLE_PASS_STEREO"],[],[[0,0,[],2,3,0]],[],0]],[],[["_MainTex",4,0,0,0,0,"white"]],null,null,0,0,0]},{"id":30,"assetBundleId":-2,"data":[[],"UI/Default","0000000000000000f000000000000000",["UNITY_UI_ALPHACLIP","UNITY_UI_CLIP_RECT","_"],[[0,0,"Default",0,0,[0,"unity_GUIZTestMode"],[0,null],[0,null],[[1,null],[10,null],[0,null]],[[1,null],[10,null],[0,null]],[0,"_ColorMask"],[0,null],[0,null],[0,"_Stencil"],[0,"_StencilReadMask"],[0,"_StencilWriteMask"],[[0,"_StencilOp"],[0,null],[0,null],[0,"_StencilComp"]],[[0,null],[0,null],[0,null],[8,null]],[[0,null],[0,null],[0,null],[8,null]],[["CanUseSpriteAtlas","true"],["IGNOREPROJECTOR","true"],["PreviewType","Plane"],["QUEUE","Transparent"],["RenderType","Transparent"],["LIGHTMODE","ALWAYS"]],["_","UNITY_UI_CLIP_RECT","UNITY_UI_ALPHACLIP","STEREO_CUBEMAP_RENDER_ON","STEREO_INSTANCING_ON","STEREO_MULTIVIEW_ON","UNITY_SINGLE_PASS_STEREO"],[],[[0,0,[],4,5,0]],[],0]],[],[["_MainTex",4,0,0,0,0,"white"],["_Color",0,1,1,1,1,""],["_StencilComp",2,8,0,0,0,""],["_Stencil",2,0,0,0,0,""],["_StencilOp",2,0,0,0,0,""],["_StencilWriteMask",2,255,0,0,0,""],["_StencilReadMask",2,255,0,0,0,""],["_ColorMask",2,15,0,0,0,""],["_UseUIAlphaClip",2,0,0,0,0,""]],null,null,0,0,0]},{"id":28,"assetBundleId":-2,"data":[[],"Sprites/Default","0000000000000000f000000000000000",["PIXELSNAP_ON","_","ETC1_EXTERNAL_ALPHA","__","INSTANCING_ON"],[[0,0,"",0,0,[4,null],[0,null],[0,null],[[1,null],[10,null],[0,null]],[[1,null],[10,null],[0,null]],[15,null],[0,null],[0,null],[0,null],[255,null],[255,null],[[0,null],[0,null],[0,null],[8,null]],[[0,null],[0,null],[0,null],[8,null]],[[0,null],[0,null],[0,null],[8,null]],[["CanUseSpriteAtlas","true"],["IGNOREPROJECTOR","true"],["PreviewType","Plane"],["QUEUE","Transparent"],["RenderType","Transparent"],["LIGHTMODE","ALWAYS"]],["_","ETC1_EXTERNAL_ALPHA","__","INSTANCING_ON","PIXELSNAP_ON","STEREO_CUBEMAP_RENDER_ON","STEREO_INSTANCING_ON","STEREO_MULTIVIEW_ON","UNITY_SINGLE_PASS_STEREO"],[],[[0,0,[],6,7,0]],[],0]],[],[["_MainTex",4,0,0,0,0,"white"],["_Color",0,1,1,1,1,""],["PixelSnap",2,0,0,0,0,""],["_RendererColor",0,1,1,1,1,""],["_Flip",1,1,1,1,1,""],["_AlphaTex",4,0,0,0,0,"white"],["_EnableExternalAlpha",2,0,0,0,0,""]],null,null,0,0,0]},{"id":8,"assetBundleId":-2,"data":[["Hidden/Internal-ScreenSpaceShadows: Tags: \"ShadowmapFilter\"=\"HardShadow\" \"LIGHTMODE\"=\"ALWAYS\"\n","Hidden/Internal-ScreenSpaceShadows: Tags: \"ShadowmapFilter\"=\"PCF_SOFT\" \"LIGHTMODE\"=\"ALWAYS\"\n","Hidden/Internal-ScreenSpaceShadows: Tags: \"ShadowmapFilter\"=\"HardShadow\" \"LIGHTMODE\"=\"ALWAYS\"\n"],"Hidden/Internal-ScreenSpaceShadows","0000000000000000f000000000000000",["SHADOWS_SINGLE_CASCADE","SHADOWS_SPLIT_SPHERES"],[[0,0,"",0,0,[8,null],[0,null],[0,null],[[1,null],[0,null],[0,null]],[[1,null],[0,null],[0,null]],[15,null],[0,null],[0,null],[0,null],[255,null],[255,null],[[0,null],[0,null],[0,null],[8,null]],[[0,null],[0,null],[0,null],[8,null]],[[0,null],[0,null],[0,null],[8,null]],[["ShadowmapFilter","HardShadow"],["LIGHTMODE","ALWAYS"]],["SHADOWS_SPLIT_SPHERES","SHADOWS_SINGLE_CASCADE","STEREO_CUBEMAP_RENDER_ON","STEREO_INSTANCING_ON","STEREO_MULTIVIEW_ON","UNITY_SINGLE_PASS_STEREO"],[],[],[],0],[0,2,"",0,0,[8,null],[0,null],[0,null],[[1,null],[0,null],[0,null]],[[1,null],[0,null],[0,null]],[15,null],[0,null],[0,null],[0,null],[255,null],[255,null],[[0,null],[0,null],[0,null],[8,null]],[[0,null],[0,null],[0,null],[8,null]],[[0,null],[0,null],[0,null],[8,null]],[["ShadowmapFilter","PCF_SOFT"],["LIGHTMODE","ALWAYS"]],["SHADOWS_SPLIT_SPHERES","SHADOWS_SINGLE_CASCADE","STEREO_CUBEMAP_RENDER_ON","STEREO_INSTANCING_ON","STEREO_MULTIVIEW_ON","UNITY_SINGLE_PASS_STEREO"],[],[],[],0],[0,0,"",0,0,[8,null],[0,null],[0,null],[[1,null],[0,null],[0,null]],[[1,null],[0,null],[0,null]],[15,null],[0,null],[0,null],[0,null],[255,null],[255,null],[[0,null],[0,null],[0,null],[8,null]],[[0,null],[0,null],[0,null],[8,null]],[[0,null],[0,null],[0,null],[8,null]],[["ShadowmapFilter","HardShadow"],["LIGHTMODE","ALWAYS"]],["SHADOWS_SPLIT_SPHERES","SHADOWS_SINGLE_CASCADE","STEREO_CUBEMAP_RENDER_ON","STEREO_INSTANCING_ON","STEREO_MULTIVIEW_ON","UNITY_SINGLE_PASS_STEREO"],[],[],[],0]],[],[["_ShadowMapTexture",4,0,0,0,0,""],["_ODSWorldTexture",4,0,0,0,0,""]],null,null,0,0,0]},{"id":68,"assetBundleId":-2,"data":[["Legacy Shaders/VertexLit: Tags: \"LIGHTMODE\"=\"Vertex\" \"RenderType\"=\"Opaque\"\n","Legacy Shaders/VertexLit: Tags: \"LIGHTMODE\"=\"VertexLM\" \"RenderType\"=\"Opaque\"\n","Legacy Shaders/VertexLit: Tags: \"LIGHTMODE\"=\"SHADOWCASTER\" \"RenderType\"=\"Opaque\" \"SHADOWSUPPORT\"=\"true\"\n"],"Legacy Shaders/VertexLit","0000000000000000f000000000000000",["FOG_EXP","FOG_EXP2","FOG_LINEAR","POINT","SPOT","SHADOWS_DEPTH","_","__","INSTANCING_ON","SHADOWS_CUBE"],[[0,0,"",1,0,[4,null],[1,null],[2,null],[[1,null],[0,null],[0,null]],[[1,null],[0,null],[0,null]],[15,null],[0,null],[0,null],[0,null],[255,null],[255,null],[[0,null],[0,null],[0,null],[8,null]],[[0,null],[0,null],[0,null],[8,null]],[[0,null],[0,null],[0,null],[8,null]],[["LIGHTMODE","Vertex"],["RenderType","Opaque"]],["_","FOG_LINEAR","FOG_EXP","FOG_EXP2","POINT","SPOT","STEREO_CUBEMAP_RENDER_ON","STEREO_INSTANCING_ON","STEREO_MULTIVIEW_ON","UNITY_SINGLE_PASS_STEREO"],[],[],[],0],[1,0,"",2,0,[4,null],[1,null],[2,null],[[1,null],[0,null],[0,null]],[[1,null],[0,null],[0,null]],[15,null],[0,null],[0,null],[0,null],[255,null],[255,null],[[0,null],[0,null],[0,null],[8,null]],[[0,null],[0,null],[0,null],[8,null]],[[0,null],[0,null],[0,null],[8,null]],[["LIGHTMODE","VertexLM"],["RenderType","Opaque"]],["__","FOG_LINEAR","FOG_EXP","FOG_EXP2","STEREO_CUBEMAP_RENDER_ON","STEREO_INSTANCING_ON","STEREO_MULTIVIEW_ON","UNITY_SINGLE_PASS_STEREO"],[],[],[],0],[2,0,"ShadowCaster",8,0,[4,null],[1,null],[2,null],[[1,null],[0,null],[0,null]],[[1,null],[0,null],[0,null]],[15,null],[0,null],[0,null],[0,null],[255,null],[255,null],[[0,null],[0,null],[0,null],[8,null]],[[0,null],[0,null],[0,null],[8,null]],[[0,null],[0,null],[0,null],[8,null]],[["LIGHTMODE","SHADOWCASTER"],["RenderType","Opaque"],["SHADOWSUPPORT","true"]],["__","INSTANCING_ON","SHADOWS_DEPTH","SHADOWS_CUBE","STEREO_CUBEMAP_RENDER_ON","STEREO_INSTANCING_ON","STEREO_MULTIVIEW_ON","UNITY_SINGLE_PASS_STEREO"],[],[],[],0]],[],[["_Color",0,1,1,1,1,""],["_SpecColor",0,1,1,1,1,""],["_Emission",0,0,0,0,0,""],["_Shininess",3,0.699999988079071,0.00999999977648258,1,0,""],["_MainTex",4,0,0,0,0,"white"]],null,null,0,0,0]},{"id":64,"assetBundleId":-2,"data":[["Standard: Tags: \"LIGHTMODE\"=\"SHADOWCASTER\" \"PerformanceChecks\"=\"False\" \"RenderType\"=\"Opaque\" \"SHADOWSUPPORT\"=\"true\"\n"],"Standard","0000000000000000f000000000000000",["DIRECTIONAL","DIRLIGHTMAP_COMBINED","FOG_EXP","FOG_EXP2","FOG_LINEAR","LIGHTMAP_ON","LIGHTPROBE_SH","SHADOWS_SCREEN","VERTEXLIGHT_ON","_ALPHABLEND_ON","_ALPHAPREMULTIPLY_ON","_ALPHATEST_ON","_DETAIL_MULX2","_EMISSION","_GLOSSYREFLECTIONS_OFF","_METALLICGLOSSMAP","_NORMALMAP","_PARALLAXMAP","_SMOOTHNESS_TEXTURE_ALBEDO_CHANNEL_A","_SPECULARHIGHLIGHTS_OFF","DIRECTIONAL_COOKIE","POINT","POINT_COOKIE","SHADOWS_DEPTH","SPOT","__","INSTANCING_ON","_","SHADOWS_SHADOWMASK","DYNAMICLIGHTMAP_ON","LIGHTMAP_SHADOW_MIXING","SHADOWS_SOFT","SHADOWS_CUBE","UNITY_HDR_ON"],[[0,0,"FORWARD",4,0,[4,null],[0,"_ZWrite"],[2,null],[[0,"_SrcBlend"],[0,"_DstBlend"],[0,null]],[[0,"_SrcBlend"],[0,"_DstBlend"],[0,null]],[15,null],[0,null],[0,null],[0,null],[255,null],[255,null],[[0,null],[0,null],[0,null],[8,null]],[[0,null],[0,null],[0,null],[8,null]],[[0,null],[0,null],[0,null],[8,null]],[["LIGHTMODE","FORWARDBASE"],["PerformanceChecks","False"],["RenderType","Opaque"],["SHADOWSUPPORT","true"]],["__","FOG_LINEAR","FOG_EXP","FOG_EXP2","INSTANCING_ON","_","_NORMALMAP","_ALPHATEST_ON","_ALPHABLEND_ON","_ALPHAPREMULTIPLY_ON","_METALLICGLOSSMAP","_PARALLAXMAP","DIRECTIONAL","LIGHTPROBE_SH","SHADOWS_SHADOWMASK","DYNAMICLIGHTMAP_ON","LIGHTMAP_ON","LIGHTMAP_SHADOW_MIXING","DIRLIGHTMAP_COMBINED","SHADOWS_SCREEN","VERTEXLIGHT_ON","STEREO_CUBEMAP_RENDER_ON","STEREO_INSTANCING_ON","STEREO_MULTIVIEW_ON","UNITY_SINGLE_PASS_STEREO","_DETAIL_MULX2","_EMISSION","_GLOSSYREFLECTIONS_OFF","_SMOOTHNESS_TEXTURE_ALBEDO_CHANNEL_A","_SPECULARHIGHLIGHTS_OFF"],[],[[0,0,["DIRECTIONAL","LIGHTPROBE_SH"],14,15,0],[0,0,["DIRECTIONAL","LIGHTPROBE_SH","_GLOSSYREFLECTIONS_OFF","_SPECULARHIGHLIGHTS_OFF"],14,16,0]],[],0],[1,0,"FORWARD_DELTA",5,0,[4,null],[0,null],[2,null],[[0,"_SrcBlend"],[1,null],[0,null]],[[0,"_SrcBlend"],[1,null],[0,null]],[15,null],[0,null],[0,null],[0,null],[255,null],[255,null],[[0,null],[0,null],[0,null],[8,null]],[[0,null],[0,null],[0,null],[8,null]],[[0,null],[0,null],[0,null],[8,null]],[["LIGHTMODE","FORWARDADD"],["PerformanceChecks","False"],["RenderType","Opaque"],["SHADOWSUPPORT","true"]],["__","FOG_LINEAR","FOG_EXP","FOG_EXP2","_","_NORMALMAP","_ALPHATEST_ON","_ALPHABLEND_ON","_ALPHAPREMULTIPLY_ON","_METALLICGLOSSMAP","_PARALLAXMAP","POINT","DIRECTIONAL","SPOT","POINT_COOKIE","DIRECTIONAL_COOKIE","SHADOWS_SHADOWMASK","LIGHTMAP_SHADOW_MIXING","SHADOWS_DEPTH","SHADOWS_SOFT","SHADOWS_SCREEN","SHADOWS_CUBE","STEREO_CUBEMAP_RENDER_ON","STEREO_INSTANCING_ON","STEREO_MULTIVIEW_ON","UNITY_SINGLE_PASS_STEREO","_DETAIL_MULX2","_SMOOTHNESS_TEXTURE_ALBEDO_CHANNEL_A","_SPECULARHIGHLIGHTS_OFF"],[],[[1,0,["DIRECTIONAL"],17,18,0],[1,0,["DIRECTIONAL","_SPECULARHIGHLIGHTS_OFF"],17,19,0]],[],0],[2,0,"ShadowCaster",8,0,[4,null],[1,null],[2,null],[[1,null],[0,null],[0,null]],[[1,null],[0,null],[0,null]],[15,null],[0,null],[0,null],[0,null],[255,null],[255,null],[[0,null],[0,null],[0,null],[8,null]],[[0,null],[0,null],[0,null],[8,null]],[[0,null],[0,null],[0,null],[8,null]],[["LIGHTMODE","SHADOWCASTER"],["PerformanceChecks","False"],["RenderType","Opaque"],["SHADOWSUPPORT","true"]],["__","INSTANCING_ON","_","_ALPHATEST_ON","_ALPHABLEND_ON","_ALPHAPREMULTIPLY_ON","_METALLICGLOSSMAP","_PARALLAXMAP","SHADOWS_DEPTH","SHADOWS_CUBE","STEREO_CUBEMAP_RENDER_ON","STEREO_INSTANCING_ON","STEREO_MULTIVIEW_ON","UNITY_SINGLE_PASS_STEREO","_SMOOTHNESS_TEXTURE_ALBEDO_CHANNEL_A"],[],[],[],0]],[],[["_Color",0,1,1,1,1,""],["_MainTex",4,0,0,0,0,"white"],["_Cutoff",3,0.5,0,1,0,""],["_Glossiness",3,0.5,0,1,0,""],["_GlossMapScale",3,1,0,1,0,""],["_SmoothnessTextureChannel",2,0,0,0,0,""],["_Metallic",3,0,0,1,0,""],["_MetallicGlossMap",4,0,0,0,0,"white"],["_SpecularHighlights",2,1,0,0,0,""],["_GlossyReflections",2,1,0,0,0,""],["_BumpScale",2,1,0,0,0,""],["_BumpMap",4,0,0,0,0,"bump"],["_Parallax",3,0.0199999995529652,0.00499999988824129,0.0799999982118607,0,""],["_ParallaxMap",4,0,0,0,0,"black"],["_OcclusionStrength",3,1,0,1,0,""],["_OcclusionMap",4,0,0,0,0,"white"],["_EmissionColor",0,0,0,0,1,""],["_EmissionMap",4,0,0,0,0,"white"],["_DetailMask",4,0,0,0,0,"white"],["_DetailAlbedoMap",4,0,0,0,0,"grey"],["_DetailNormalMapScale",2,1,0,0,0,""],["_DetailNormalMap",4,0,0,0,0,"bump"],["_UVSec",2,0,0,0,0,""],["_Mode",2,0,0,0,0,""],["_SrcBlend",2,1,0,0,0,""],["_DstBlend",2,0,0,0,0,""],["_ZWrite",2,1,0,0,0,""]],0,68,0,0,0]},{"id":48,"assetBundleId":-2,"data":[["Hidden/BlitCopy: Tags: \"LIGHTMODE\"=\"ALWAYS\"\n"],"Hidden/BlitCopy","0000000000000000f000000000000000",[],[[0,0,"",0,0,[8,null],[0,null],[0,null],[[1,null],[0,null],[0,null]],[[1,null],[0,null],[0,null]],[15,null],[0,null],[0,null],[0,null],[255,null],[255,null],[[0,null],[0,null],[0,null],[8,null]],[[0,null],[0,null],[0,null],[8,null]],[[0,null],[0,null],[0,null],[8,null]],[["LIGHTMODE","ALWAYS"]],["STEREO_CUBEMAP_RENDER_ON","STEREO_INSTANCING_ON","STEREO_MULTIVIEW_ON","UNITY_SINGLE_PASS_STEREO"],[],[],[],0]],[],[["_MainTex",4,0,0,0,0,""],["_Color",0,1,1,1,1,""]],null,null,0,0,0]}],"sprites":[{"id":696,"path":"Resources/unity_builtin_extra\\UISprite","assetBundleId":-2,"data":["UISprite",5,694,[0,0,0,0.08,0.08,0],[0.05,0.08,0,0.8125,1,0.08,-0.08,0,1,0,0.08,0.075,0,1,0.96875,-0.07,0.08,0,0.0625,1,-0.075,-0.08,0,0.03124997,0,-0.08,0.07,0,0,0.9375,-0.08,-0.05,0,0,0.1875],[6,5,4,3,4,5,1,4,3,0,1,3,2,1,0],-0.000835968181490898,-0.00160364620387554,0.999164044857025,0.998396337032318,0,0,1,1,0.3125,0.3125,0.3125,0.3125,[0,0,0,0],[-0.08,-0.08,0.08,0.08],200,32,32,32,32,16,16,0.0267509818077087,0.0513166785240173]}],"textures":[{"id":694,"type":0,"path":"Resources/unity_builtin_extra\\UISprite","assetBundleId":-2,"data":["UISprite",32,32,6,16,1,0,4,1,1,1]}],"resources":[{"id":0,"assetBundleId":-2,"data":[[["unity_builtin_extra",0,8],["unity_builtin_extra",0,30],["unity_builtin_extra",0,64],["unity_builtin_extra",3,676],["unity_builtin_extra",0,28],["unity_builtin_extra",3,430],["unity_builtin_extra",5,694],["unity_builtin_extra",29,696],["unity_builtin_extra",0,292],["unity_builtin_extra",0,150],["unity_builtin_extra",3,678],["dotweensettings",60,24306]],[23850,23584,23912,23584,23848,23584,23846,23584,23818,23584,23856,23584,23906,23584,23854,23584,23852,23584,23836,23584,23944,23584,23834,23584,23832,23584,23830,23584,23826,23584,23844,23584,23684,23584,23842,23584,23840,23584,23838,23584,23706,23584,23932,23584,23828,23584,23824,23584,23822,23584,23820,23584,23800,23584,23790,23584,23808,23584,23868,23584,23802,23584,23810,23584,23876,23584,23860,23584,23882,23584,23804,23584,23858,23584,23872,23584,23782,23584,23792,23584,23796,23584,23578,23584,23784,23584,-774794,270764,-774798,270764,-774790,270764,-774786,270764,-774782,270764,-774810,270764,-774814,270764,-774806,270764,-774802,270764,-774846,270764,-774850,270764,-774842,270764,-774838,270764,-774834,270764,-774830,270764,23636,23640,270480,270764,24140,23640,23638,23640,-774600,270764,-774866,270764,-774862,270764,-774858,270764,-774854,270764,270544,270764,23686,23690,24148,23690,-774946,270764,24154,23690,23692,23690,-774954,270764,24146,23690,23688,23690,-774878,270764,-774872,270764,-774826,270764,-774822,270764,-774818,270764,-774778,270764,-774774,270764,-774886,270764,-774890,270764,-774882,270764,-774894,270764,-774898,270764,-774906,270764,-774910,270764,-774902,270764,-774914,270764,-774918,270764,-774770,270764,-774922,270764,-774926,270764,270474,270764,23580,23584,-774930,270764,23744,23748,24116,23748,23746,23748,22442,22448,23734,23736,22452,22448,22444,22448,22410,22412,24106,23736,22426,22412,270734,270692,24112,23736,24114,23736,-775282,270692,23740,23736,271040,270692,-775408,270692,270830,270692,270736,270692,271042,270692,23626,23628,24004,23628,24006,23628,23972,23594,23974,23594,23970,23594,23964,23594,23976,23594,23978,23594,23960,23594,23950,23594,23590,23594,23952,23594,-774302,270066,-774306,270066,-774298,270066,-774294,270066,-774310,270066,-774314,270066,-774290,270066,-774286,270066,269794,270066,23592,23594,-774318,270066,23560,23564,23770,23564,23562,23564,270826,270066,269728,270066,269996,270066,269866,270066,23674,23678,24060,23678,23676,23678,23598,23604,23992,23604,23600,23604,23696,23700,24066,23700,23698,23700,23644,23648,24012,23648,23646,23648,23762,23764,24128,23764,24130,23764,24024,23654,24028,23654,24018,23654,23652,23654,24020,23654,-774700,270760,-774704,270760,-774696,270760,270434,270760,23658,23654,23610,23612,23614,23612,24136,23612,-774708,270760,-774454,270760,270470,270760,269810,270760,270526,270760,270318,270760,270982,270760,269980,270760,22416,22422,24392,24390,22428,22422,22418,22422,24394,24390,23752,24390,23754,23758,24122,23758,23756,23758,24086,24092,24072,23730,24100,24092,24098,24092,24084,23730,23728,23730,24074,23730,24076,23730,-775428,270972,24094,23730,24096,23730,-775432,270972,271058,270972,-775440,270972,-775444,270972,-775226,270972,-775230,270972,270678,270972,-775238,270972,-775242,270972,-775036,270972,-775040,270972,-775032,270972,-775028,270972,-775024,270972,-775052,270972,-775056,270972,-775048,270972,-775044,270972,-775088,270972,-775092,270972,-775084,270972,-775080,270972,-775076,270972,-775072,270972,-775108,270972,-775112,270972,-775104,270972,-775100,270972,-775096,270972,-775120,270972,-775124,270972,-775116,270972,-775068,270972,-775064,270972,-775060,270972,-775020,270972,-775016,270972,-775132,270972,-775136,270972,-775128,270972,-775140,270972,-775144,270972,-775152,270972,-775156,270972,-775148,270972,-775160,270972,-775164,270972,-775012,270972,-775168,270972,-775172,270972,270580,270972,-775176,270972,23664,23670,24036,23670,24038,23670,270444,270250,24050,23670,23662,23670,24052,23670,23668,23670,-774730,270250,-774738,270250,24040,23670,23666,23670,23618,23622,40828,40826,23998,23622,23620,23622,40834,40826,269944,270250,40836,40826,40838,40826,-775418,270250,40830,40826,270394,270250,-774666,270250,269890,270250,-774398,270250,270296,270250,-774620,270250,270530,270250,-774984,270250,270488,270250,-774938,270250,270124,270250,-774512,270250,270194,270250,-774566,270250,270164,270250,-774546,270250,269968,270250,-774446,270250,269748,270250,-774102,270250,269840,270250,-774338,270250,270740,270250,-775292,270250,269940,270250,-774436,270250,270338,270250,-774646,270250,270626,270250,-775188,270250,270144,270250,-774532,270250,270302,270250,-774630,270250,270238,270250,-774580,270250,270024,270250,-774484,270250,270728,270250,-775272,270250,270038,270250,-774494,270250,270808,270250,-775316,270250,270420,270250,-774684,270250,269852,270250,-774358,270250,270960,270250,-775374,270250,269878,270250,-774378,270250,270260,270250,-774594,270250,270290,270250,-774610,270250,270448,270250,-774748,270250,270996,270250,-775394,270250,270516,270250,-774968,270250,270438,270250,-774716,270250,270138,270250,-774522,270250,269922,270250,-774426,270250,270712,270250,-775252,270250,270658,270250,-775206,270250,269884,270250,-774388,270250,270548,270250,-774994,270250,269908,270250,-774412,270250,270380,270250,-774656,270250,270718,270250,-775262,270250,270560,270250,-775004,270250,270922,270250,-775358,270250,270668,270250,-775216,270250,270782,270250,-775306,270250,270170,270250,-774556,270250,269848,270250,-774348,270250,-774138,270972,-774142,270972,-774134,270972,-774130,270972,-774126,270972,-774154,270972,-774158,270972,-774150,270972,-774146,270972,-774190,270972,-774194,270972,-774186,270972,-774182,270972,-774178,270972,-774174,270972,-774210,270972,-774214,270972,-774206,270972,-774202,270972,-774198,270972,-774222,270972,-774226,270972,-774218,270972,-774170,270972,-774166,270972,-774162,270972,-774122,270972,-774118,270972,-774234,270972,-774238,270972,-774230,270972,-774242,270972,-774246,270972,-774254,270972,-774258,270972,-774250,270972,-774262,270972,-774266,270972,-774114,270972,-774270,270972,-774274,270972,269788,270972,-774278,270972,271054,270250,270396,270250,269892,270250,270298,270250,270532,270250,270490,270250,270126,270250,270196,270250,270166,270250,269970,270250,269750,270250,269842,270250,270742,270250,269942,270250,270340,270250,270628,270250,270146,270250,270304,270250,270240,270250,270026,270250,270730,270250,270040,270250,270810,270250,270422,270250,269854,270250,270962,270250,269880,270250,270262,270250,270292,270250,270450,270250,270998,270250,270518,270250,270440,270250,270140,270250,269924,270250,270714,270250,270660,270250,269886,270250,270550,270250,269910,270250,270382,270250,270720,270250,270562,270250,270924,270250,270670,270250,270784,270250,270172,270250,269846,270250,270956,270972,23568,23572,23776,23572,23570,23572,270404,270216,270966,270216,269870,270216,270462,270216,271002,270216,270408,270216,270426,270216,270818,270216,270864,270786,270856,270786,270044,270786,270454,270786,270500,270786,270682,270786,269770,270786,270076,270786,270012,270616,270226,270616,270598,270616,269832,270616,270750,270616,269824,270616,270640,270616,270156,270616,269736,269952,270244,269952,270000,269952,270872,269952,270848,269952,270632,269952,269900,269952,269914,269952,103690,34208,103752,34208,103688,34208,103686,34208,103656,34208,103696,34208,103746,34208,103694,34208,103692,34208,103676,34208,103786,34208,103674,34208,103672,34208,103670,34208,103664,34208,103684,34208,103782,34208,103682,34208,103680,34208,103678,34208,103668,34208,103772,34208,103666,34208,103662,34208,103660,34208,103658,34208,103644,34208,103638,34208,103652,34208,103708,34208,103646,34208,103654,34208,103716,34208,103700,34208,103722,34208,103648,34208,103698,34208,103712,34208,103634,34208,103632,34208,103636,34208,103844,24454,103848,24454,103836,24454,103862,24456,103870,24456,103888,24458,103892,24458,103880,24458,103914,24452,103918,24452,103906,24452]]}],"project-settings":[{"id":-1,"assetBundleId":-2,"data":[[["UnityEngine.EventSystems.EventSystem",-1000],["UnityEngine.UI.ToggleGroup",10],["TMPro.TextMeshPro",-105],["TMPro.TextMeshProUGUI",-100],["TMPro.TextContainer",-110]],[[0,"Default",0]],[[0,"Default"],[1,"TransparentFX"],[2,"Ignore Raycast"],[4,"Water"],[5,"UI"],[6,"InteractablePlace"]],[0.0199999995529652,0.333333343267441,1,0.0299999993294477],[0,-9.8100004196167,0,6,2,0,1,[[0,0,0],[0,0,1],[0,0,2],[0,0,4],[0,0,5],[0,0,6],[0,1,0],[0,1,1],[0,1,2],[0,1,4],[0,1,5],[0,1,6],[0,2,0],[0,2,1],[0,2,2],[0,2,4],[0,2,5],[0,2,6],[0,4,0],[0,4,1],[0,4,2],[0,4,4],[0,4,5],[0,4,6],[0,5,0],[0,5,1],[0,5,2],[0,5,4],[0,5,5],[0,5,6],[0,6,0],[0,6,1],[0,6,2],[0,6,4],[0,6,5],[0,6,6]]],[null,null,0,-9.8100004196167,3,8,1,0.200000002980232,8,100,360,0.200000002980232,0.75,0.5,0.00999999977648258,2,0.00999999977648258,1,1,1,1,1,0,[[0,0,0],[0,0,1],[0,0,2],[0,0,4],[0,0,5],[0,0,6],[0,1,0],[0,1,1],[0,1,2],[0,1,4],[0,1,5],[0,1,6],[0,2,0],[0,2,1],[0,2,2],[0,2,4],[0,2,5],[0,2,6],[0,4,0],[0,4,1],[0,4,2],[0,4,4],[0,4,5],[0,4,6],[0,5,0],[0,5,1],[0,5,2],[0,5,4],[0,5,5],[0,5,6],[0,6,0],[0,6,1],[0,6,2],[0,6,4],[0,6,5],[0,6,6]]],[[[[],["Very Low","Low","Medium","High","Very High","Ultra"],0,0,0,0.300000011920929,1,15,0,1,0,0,0,0,0,1,2,4,0,0,0.333333343267441,0.0666666701436043,0.200000002980232,0.466666668653488,0,0,16,2,0,3,512,0,1,2,512,1,1024,0],[[],["Very Low","Low","Medium","High","Very High","Ultra"],0,0,0,0.400000005960464,1,20,0,1,0,0,0,0,0,0,2,16,0,0,0.333333343267441,0.0666666701436043,0.200000002980232,0.466666668653488,0,0,16,2,0,3,512,0,1,2,512,1,1024,1],[[],["Very Low","Low","Medium","High","Very High","Ultra"],1,1,0,0.699999988079071,1,20,0,1,0,0,0,0,0,0,2,64,1,0,0.333333343267441,0.0666666701436043,0.200000002980232,0.466666668653488,0,1,16,2,0,3,512,0,1,2,512,1,1024,2],[[],["Very Low","Low","Medium","High","Very High","Ultra"],2,1,0,1,2,40,1,1,1,0,1,0,0,0,2,256,2,1,0.333333343267441,0.0666666701436043,0.200000002980232,0.466666668653488,0,1,16,2,1,3,512,0,1,2,512,1,1024,3],[[],["Very Low","Low","Medium","High","Very High","Ultra"],2,2,2,1.5,2,70,1,1,2,1,1,0,0,0,2,1024,3,1,0.333333343267441,0.0666666701436043,0.200000002980232,0.466666668653488,0,1,16,2,1,3,512,0,1,2,512,1,1024,4],[[],["Very Low","Low","Medium","High","Very High","Ultra"],2,2,2,2,4,150,1,1,2,1,1,0,0,0,2,4096,4,1,0.333333343267441,0.0666666701436043,0.200000002980232,0.466666668653488,0,1,16,2,1,3,512,0,1,2,512,1,1024,5]],["Very Low","Low","Medium","High","Very High","Ultra"],2,2,2,2,4,150,1,1,2,1,1,0,0,0,2,4096,4,1,0.333333343267441,0.0666666701436043,0.200000002980232,0.466666668653488,0,1,16,2,1,3,512,0,1,2,512,1,1024,5],0,0,0,2,0,["Untagged","Respawn","Finish","EditorOnly","MainCamera","Player","GameController"]]}]}